Point_ID,Line_ID,Station,Date_Time,Latitude,Longitude,Easting_km_local,Northing_km_local,Elevation_m,Survey_Template,Gravity_Raw_mGal,Gravity_Base_mGal,Gravity_Tide_Correction_mGal,Gravity_Drift_Correction_mGal,Gravity_Latitude_Correction_mGal,Gravity_Free_Air_Correction_mGal,Gravity_Bouguer_Correction_mGal,Gravity_Terrain_Correction_mGal,Gravity_Curvature_Correction_mGal,Gravity_Isostatic_Correction_mGal,Gravity_Free_Air_Anomaly_mGal,Gravity_Simple_Bouguer_mGal,Gravity_Complete_Bouguer_mGal,Gravity_Isostatic_Anomaly_mGal,Quality_Flag
SYN00000,L001,0,2026-01-15 00:00:00,29.91001971786658,30.89597292447034,-10.0,-9.987811316809823,86.70469102644348,Raw Gravity,979.9550676884796,979.7990249053448,0.0,0.0016053836985467332,-0.01799605642668425,26.757067650760458,9.70685894495253,0.1026339763300238,0.02,-0.796326366201412,1006.7285260119681,997.0216670670156,997.1443010433456,997.940627409547,GOOD
SYN00001,L001,1,2026-01-15 00:00:15,29.909535140862616,30.91083393526029,-8.571428571428571,-10.04159936424962,89.04556604489528,Raw Gravity,980.0364774586906,979.9461850919971,0.021618286780909015,0.019465739273562155,-0.018092971827476847,27.479461681454683,9.968927159980765,0.10315941828465372,0.02,-0.7919224610976991,1007.4929480859183,997.5240209259375,997.6471803442222,998.4391028053199,GOOD
SYN00002,L001,2,2026-01-15 00:00:30,29.910180342773263,30.925694946050243,-7.142857142857142,-9.96998195216774,88.75975459428773,Raw Gravity,980.2013180407401,980.0833128418877,0.0431540187206562,-0.018943162927166468,-0.01796393144534747,27.39126026779719,9.936929682069753,0.10247025150961386,0.02,-0.7428366743014242,1007.5863313841892,997.6494017021195,997.7718719536291,998.5147086279305,GOOD
SYN00003,L001,3,2026-01-15 00:00:45,29.91024885215005,30.940555956840193,-5.714285714285714,-9.96237741134435,92.4301785565547,Raw Gravity,980.2242587221242,980.225561621479,0.06452495623441194,0.04161701533889279,-0.017950229569989772,28.523953102552777,10.347845022959824,0.10240200486321657,0.02,-0.6518385260953903,1008.6600200826737,998.3121750597138,998.434577064577,999.0864155906723,GOOD
SYN00004,L001,4,2026-01-15 00:01:00,29.909206834166252,30.955416967630146,-4.285714285714286,-10.078041407546154,92.69116756774001,Raw Gravity,980.5237822658086,980.3776718840322,0.0856494890461258,-0.0025923497997077972,-0.01815863316674964,28.604494311404565,10.377063551827954,0.10354224594972161,0.02,-0.5240623177428149,1009.0633780711335,998.6863145193055,998.8098567652552,999.333919082998,GOOD
SYN00005,L001,5,2026-01-15 00:01:15,29.909440656033563,30.970277978420096,-2.8571428571428568,-10.052087180274492,91.2334692215853,Raw Gravity,980.7222336452179,980.5184526887076,0.10644694783780038,0.009518418337350072,-0.0181118687932873,28.154648601781222,10.21386970311106,0.1032673758138182,0.02,-0.36671744373014836,1008.7790287496173,998.5651590465062,998.68842642232,999.0551438660502,GOOD
SYN00006,L001,6,2026-01-15 00:01:30,29.909955978523662,30.98513898921005,-1.4285714285714288,-9.99488638387331,97.91152813408317,Raw Gravity,980.822259267201,980.6567337678528,0.12683791230548108,0.1042525333279597,-0.018008804295267567,30.215497582178063,10.961499100347826,0.1027003886619893,0.02,-0.18868162301464844,1010.8246752080408,999.863176107693,999.985876496355,1000.1745581193696,GOOD
SYN00007,L001,7,2026-01-15 00:01:45,29.909795948615372,31.0,0.0,-10.012649703693743,99.65851555554912,Raw Gravity,981.0161265373665,980.8010119762955,0.1467445144455733,-0.009888834398196912,-0.018040810276925612,30.754617900442454,11.157079757841945,0.10287073936884128,0.02,0.0,1011.6519295680386,1000.4948498101966,1000.6177205495654,1000.6177205495654,GOOD
SYN00008,L001,8,2026-01-15 00:02:00,29.90990385543874,31.01486101078995,1.4285714285714288,-10.000672046300172,104.91711752142257,Raw Gravity,981.1281806789424,980.9429109065611,0.16609073591331167,-0.07247848142941767,-0.018019228912252317,32.377422467111,11.745796549587572,0.10275530651274836,0.02,0.18868162301464844,1013.4300101204819,1001.6842135708944,1001.8069688774071,1001.6182872543925,GOOD
SYN00009,L001,9,2026-01-15 00:02:15,29.909602506692767,31.029722021579904,2.8571428571428577,-10.034121757102943,112.66214892113715,Raw Gravity,981.3825096716042,981.0884440262826,0.1848026983178442,0.13472745175728368,-0.018079498661446536,34.76753915706292,12.612876824382958,0.10308354251317361,0.02,0.36671744373014853,1015.8485981772535,1003.2357213528705,1003.3588048953837,1002.9920874516536,GOOD
SYN00010,L001,10,2026-01-15 00:02:30,29.91022681008103,31.044583032369854,4.2857142857142865,-9.964824081005487,114.05402253404299,Raw Gravity,981.5488646883939,981.2257573550519,0.20280894534536645,0.1876670665266712,-0.017954637983793733,35.197071354005665,12.768701390155968,0.10242385894353087,0.02,0.524062317742815,1016.3734146685114,1003.6047132783553,1003.7271371372989,1003.203074819556,GOOD
SYN00011,L001,11,2026-01-15 00:02:45,29.910190195292046,31.059444043159807,5.714285714285715,-9.968888322582842,113.79950604836685,Raw Gravity,981.5588398637644,981.3689396372351,0.22004071563294783,0.04595727251348659,-0.01796196094159086,35.118527566526005,12.740207480583418,0.10246037840395478,0.02,0.6518385260953904,1016.4293314030856,1003.6891239225022,1003.8115843009061,1003.1597457748107,GOOD
SYN00012,L001,12,2026-01-15 00:03:00,29.90993370475588,31.074305053949757,7.142857142857142,-9.99735877209755,114.70801679514707,Raw Gravity,981.7739534145937,981.5140744160535,0.23643220535101364,-0.024601099355423997,-0.01801325904882418,35.398893982982386,12.84191807506878,0.1027237896942188,0.02,0.7428366743014242,1016.9790295506294,1004.1371114755607,1004.2598352652549,1003.5169985909534,GOOD
SYN00013,L001,13,2026-01-15 00:03:15,29.910316122957465,31.08916606473971,8.571428571428573,-9.954910351721278,117.36179427098607,Raw Gravity,982.0218005982538,981.6535356852806,0.2519208194917451,0.06273667075542019,-0.017936775408507088,36.2178497120263,13.13901669019913,0.10233591485318067,0.02,0.7919224610976991,1017.9429295954416,1004.8039129052424,1004.9262488200956,1004.1343263589979,GOOD
SYN00014,L001,14,2026-01-15 00:03:30,29.910078381744956,31.10402707552966,10.0,-9.981299626309918,114.4747087484079,Raw Gravity,982.0430964795105,981.7985039701048,0.26644741090379004,0.06996978896281603,-0.017984323651008795,35.32689511975868,12.815798515981385,0.10257357662622904,0.02,0.796326366201412,1017.0515587230536,1004.2357602070722,1004.3583337836984,1003.5620074174971,GOOD
SYN00015,L002,15,2026-01-15 00:03:45,29.919083422346233,30.89597292447034,-10.0,-8.981740119567961,85.54249834721226,Raw Gravity,980.0825224491548,979.7185392095654,0.2799565061604704,0.08080481129336875,-0.01618331553075336,26.398414989949703,9.57674787171529,0.10163271715042288,0.02,-0.796326366201412,1006.1363594371815,996.5596115654662,996.6812442826166,997.477570648818,GOOD
SYN00016,L002,16,2026-01-15 00:04:00,29.91952596045325,30.91083393526029,-8.571428571428571,-8.932618389689331,87.10529460615106,Raw Gravity,980.2591596885114,979.8574666140322,0.2923965173989525,0.04065166813802129,-0.016094807909350094,26.880693915458217,9.751707757571891,0.10201398566846617,0.02,-0.7919224610976991,1006.822900226342,997.07119246877,997.1932064544385,997.9851289155362,GOOD
SYN00017,L002,17,2026-01-15 00:04:15,29.919047534008236,30.925694946050243,-7.142857142857142,-8.985723725085792,89.3717890436222,Raw Gravity,980.5150461887717,980.0045721837212,0.30371993932141816,0.1313191942475697,-0.01619049319835284,27.58013409886181,10.005448835979541,0.10160353996457638,0.02,-0.7428366743014242,1007.6763316472628,997.6708828112833,997.7924863512478,998.5353230255492,GOOD
SYN00018,L002,18,2026-01-15 00:04:30,29.919709635954952,30.940555956840193,-5.714285714285714,-8.91223040900034,89.79637978524117,Raw Gravity,980.7797291685129,980.1415498612914,0.3138835306059397,0.13458657277768224,-0.016058072809009616,27.711162801725425,10.052983085735084,0.10218388830447936,0.02,-0.6518385260953903,1008.0584799396636,998.0054968539285,998.127680742233,998.7795192683284,GOOD
SYN00019,L002,19,2026-01-15 00:04:45,29.91937508596854,30.955416967630146,-4.285714285714286,-8.949365457492082,86.42130397825574,Raw Gravity,980.8075297532342,980.2873778080279,0.32284847903429525,0.03966098991204471,-0.01612498280629211,26.669614407689718,9.675132886408063,0.10187953705635155,0.02,-0.5240623177428149,1007.1307596747839,997.4556267883759,997.5775063254322,998.101568643175,GOOD
SYN00020,L002,20,2026-01-15 00:05:00,29.91932646021987,30.970277978420096,-2.8571428571428568,-8.954762915594442,94.7668183380163,Raw Gravity,980.8039483170146,980.4306667475332,0.3305805497061418,0.15536117437738653,-0.01613470795602581,29.245040139111826,10.609439090077771,0.10183718860072191,0.02,-0.36671744373014836,1009.5791814399988,998.969742349921,999.0915795385217,999.4582969822519,GOOD
SYN00021,L002,21,2026-01-15 00:05:15,29.919147697271814,30.98513898921005,-1.4285714285714288,-8.97460560282879,97.98544547013583,Raw Gravity,981.3736187575497,980.5751113053692,0.33705021577355504,0.22905565377956882,-0.016170460545637155,30.238308472083915,10.969774375262663,0.10168562639681153,0.02,-0.18868162301464844,1011.0619918206261,1000.0922174453634,1000.2139030717602,1000.4025846947749,GOOD
SYN00022,L002,22,2026-01-15 00:05:30,29.919833632725172,31.0,0.0,-8.89846676750567,102.60747392424652,Raw Gravity,981.2428313122391,980.7118773414005,0.34223277119669104,0.14103948819375936,-0.016033273454965524,31.664666453022473,11.487224788988563,0.10230244774283165,0.02,0.0,1012.4402587793261,1000.9530339903375,1001.0753364380804,1001.0753364380804,GOOD
SYN00023,L002,23,2026-01-15 00:05:45,29.91933739098797,31.01486101078995,1.4285714285714288,-8.953549600335384,108.97667208026458,Raw Gravity,981.6138830923708,980.8591411108839,0.3461084250899859,0.12159528035811316,-0.016132521802406076,33.630201003969646,12.200276267069068,0.10184666648941737,0.02,0.18868162301464844,1014.7925129126949,1002.5922366456258,1002.7140833121152,1002.5254016891006,GOOD
SYN00024,L002,24,2026-01-15 00:06:00,29.919238724919467,31.029722021579904,2.8571428571428577,-8.964501533939156,105.29929145634145,Raw Gravity,981.7021233258549,981.0028744084294,0.34866237729860766,0.1373814446307945,-0.016152255016106665,32.49536134342697,11.78858210634094,0.10176199281960219,0.02,0.36671744373014853,1013.7275931023686,1001.9390109960276,1002.0607729888471,1001.694055545117,GOOD
SYN00025,L002,25,2026-01-15 00:06:15,29.919266182314665,31.044583032369854,4.2857142857142865,-8.96145376307216,111.39607399827872,Raw Gravity,981.8966163927265,981.1454877296172,0.34988487491655346,0.1812645105892307,-0.01614676353706699,34.37682843586881,12.471135811936698,0.1017853579802912,0.02,0.524062317742815,1015.7584422066266,1003.2873063946898,1003.4090917526701,1002.8850294349272,GOOD
SYN00026,L002,26,2026-01-15 00:06:30,29.919584900417743,31.059444043159807,5.714285714285715,-8.926076053630497,116.17061709732057,Raw Gravity,981.7608817021159,981.285514655719,0.34977124953056304,0.06998815885507385,-0.01608301991645149,35.85025243623313,13.00566071295804,0.10206776168408518,0.02,0.6518385260953904,1017.2074577498798,1004.2017970369218,1004.3238647986059,1003.6720262725105,GOOD
SYN00027,L002,27,2026-01-15 00:06:45,29.91952476884254,31.074305053949757,7.142857142857142,-8.932750658478069,113.35934110639609,Raw Gravity,982.0889090853245,981.4289057669639,0.348321935047624,0.170761341168932,-0.016095046231492206,34.98269266543383,12.690929650818472,0.10201290571656801,0.02,0.7428366743014242,1016.5686135207733,1003.8776838699548,1003.9996967756714,1003.25686010137,GOOD
SYN00028,L002,28,2026-01-15 00:07:00,29.91954180976046,31.08916606473971,8.571428571428573,-8.930859116588792,120.04331793431406,Raw Gravity,981.9379125100207,981.57161158647,0.34554246603798894,0.14903867543655847,-0.016091638047907964,37.045367914529315,13.439221577032056,0.10202837718858443,0.02,0.7919224610976991,1018.5047909211233,1005.0655693440913,1005.1875977212799,1004.3956752601822,GOOD
SYN00029,L002,29,2026-01-15 00:07:15,29.919548328099708,31.10402707552966,10.0,-8.930135580932317,117.43430946349595,Raw Gravity,982.4512099971373,981.7144108464746,0.34144345660003367,0.26697319044713336,-0.016090334380058382,36.240227900434846,13.147134990797708,0.1020343107520795,0.02,0.796326366201412,1018.099111584905,1004.9519765941074,1005.0740109048594,1004.277684538658,GOOD
SYN00030,L003,30,2026-01-15 00:07:30,29.929648009566932,30.89597292447034,-10.0,-7.8090709380704455,88.34341303739272,Raw Gravity,980.3145755999443,979.6247256750456,0.3360405598276642,0.1718933699987153,-0.014070398086613523,27.26277726333939,9.89031895411653,0.12123347085326286,0.02,-0.796326366201412,1007.0834893315439,997.1931703774274,997.3344038482805,998.1307302144819,GOOD
SYN00031,L003,31,2026-01-15 00:07:45,29.92872978880396,30.91083393526029,-8.571428571428571,-7.910993442760648,85.13506335061925,Raw Gravity,980.2825674289684,979.775736618278,0.32935440803505855,0.2700164541345713,-0.014254042239208077,26.2726805500011,9.531134260798211,0.118694436650157,0.02,-0.7919224610976991,1005.9701311590392,996.4389968982409,996.577691334891,997.3696137959887,GOOD
SYN00032,L003,32,2026-01-15 00:08:00,29.928691652691278,30.925694946050243,-7.142857142857142,-7.915226551268125,88.47459291657769,Raw Gravity,980.4262336563369,979.9189324098157,0.32141053396700925,0.13745510557912705,-0.014261669461744475,27.303259374055873,9.905004948248914,0.1185922419892236,0.02,-0.7428366743014242,1007.2848890603084,997.3798841120595,997.5184763540486,998.2613130283501,GOOD
SYN00033,L003,33,2026-01-15 00:08:15,29.928582993232116,30.940555956840193,-5.714285714285714,-7.927287751235179,90.51881142121734,Raw Gravity,980.5444068396424,980.0627544486703,0.31223927329574314,0.22802516569799913,-0.014283401353576863,27.93410520458767,10.133861546920686,0.11830249890729055,0.02,-0.6518385260953903,1007.95253100659,997.8186694596693,997.9569719585766,998.608810484672,GOOD
SYN00034,L003,34,2026-01-15 00:08:30,29.92909821923241,30.955416967630146,-4.285714285714286,-7.870097665202244,91.2537854772683,Raw Gravity,980.6887872137517,980.2010363846447,0.3018756487765621,0.22065228743705306,-0.014180356153517693,28.160918198284996,10.216144170915165,0.11969516499926969,0.02,-0.5240623177428149,1008.3413578319766,998.1252136610614,998.2649088260606,998.7889711438035,GOOD
SYN00035,L003,35,2026-01-15 00:08:45,29.92928308152796,30.970277978420096,-2.8571428571428568,-7.849577950396428,94.40584967231356,Raw Gravity,980.9470721810494,980.3422519503174,0.29035923650468176,0.16724997874388461,-0.01414338369440813,29.133645208875965,10.569027528949487,0.120206421435026,0.02,-0.36671744373014836,1009.6372515583712,999.0682240294217,999.2084304508567,999.5751478945868,GOOD
SYN00036,L003,36,2026-01-15 00:09:00,29.928835182518817,30.98513898921005,-1.4285714285714288,-7.899294740411459,98.16700262975066,Raw Gravity,981.1877393784141,980.4890864363758,0.27773401478400267,0.2255922137586029,-0.014232963496236551,30.29433701154105,10.990100262108738,0.1189782228182483,0.02,-0.18868162301464844,1010.9929831249088,1000.0028828628001,1000.1418610856183,1000.330542708633,GOOD
SYN00037,L003,37,2026-01-15 00:09:15,29.928573485574923,31.0,0.0,-7.928343101183765,99.858978090758,Raw Gravity,981.9586453291715,980.6342674480946,0.2640481961849447,0.283368416757968,-0.014285302885015484,30.816480638807917,11.17952216009244,0.11827724772065393,0.02,0.0,1012.2419946579215,1001.062472497829,1001.2007497455497,1001.2007497455497,GOOD
SYN00038,L003,38,2026-01-15 00:09:30,29.928579134317722,31.01486101078995,1.4285714285714288,-7.927716090732913,105.24402865456096,Raw Gravity,981.9933109461064,980.7770744301157,0.24935404343267512,0.21257295659169004,-0.014284173136455537,32.47830724279751,11.78239526436693,0.11829224813256858,0.02,0.18868162301464844,1014.023975362016,1002.241580097649,1002.3798723457816,1002.1911907227669,GOOD
SYN00039,L003,39,2026-01-15 00:09:45,29.929110692517188,31.029722021579904,2.8571428571428577,-7.868713130592275,108.90156526437686,Raw Gravity,982.275014179533,980.9152113361617,0.23370766982880598,0.15018447623716402,-0.014177861496562373,33.6070230405867,12.191867826199308,0.11972946967906492,0.02,0.36671744373014853,1015.5123229355502,1003.3204551093509,1003.4601845790299,1003.0934671352998,GOOD
SYN00040,L003,40,2026-01-15 00:10:00,29.929144084006694,31.044583032369854,4.2857142857142865,-7.865006675257126,113.12577915980492,Raw Gravity,982.4625030707186,981.057771962592,0.21716882496870107,0.239924534261412,-0.014171183198661197,34.910615448715795,12.664781666855557,0.11982144124234725,0.02,0.524062317742815,1016.930196343403,1004.2654146765475,1004.4052361177899,1003.881173800047,GOOD
SYN00041,L003,41,2026-01-15 00:10:15,29.929071975933574,31.059444043159807,5.714285714285715,-7.873010671373056,116.77783986910298,Raw Gravity,982.5664119087829,981.2012694251384,0.19980066657268616,0.20170158773529073,-0.014185604813285124,36.03764138360518,13.073641184649672,0.1196230799410769,0.02,0.6518385260953904,1018.2167366428934,1005.1430954582437,1005.2827185381848,1004.6308800120894,GOOD
SYN00042,L003,42,2026-01-15 00:10:30,29.928636421347775,31.074305053949757,7.142857142857142,-7.921357230396811,114.20317905573089,Raw Gravity,982.20646862837,981.3479942927174,0.1816695193024791,0.23572576243135437,-0.01427271573044493,35.24310105659855,12.785399925144146,0.11844470054824166,0.02,0.7428366743014242,1017.0464471189653,1004.2610471938211,1004.3994918943694,1003.6566552200679,GOOD
SYN00043,L003,43,2026-01-15 00:10:45,29.92895990640376,31.08916606473971,8.571428571428573,-7.885450389182595,116.63232003208665,Raw Gravity,982.0842520246503,981.4879788882776,0.16284462148386086,0.25478348776992454,-0.014208018719247663,35.99273396190194,13.0573497877842,0.11931663166255926,0.02,0.7919224610976991,1017.6735658960177,1004.6162161082335,1004.755532739896,1003.9636102787983,GOOD
SYN00044,L003,44,2026-01-15 00:11:00,29.92891829360595,31.10402707552966,10.0,-7.890069409739635,119.45249409917405,Raw Gravity,981.9801460726522,981.6312055527792,0.14339786070279306,0.17960033234303685,-0.014216341278810064,36.86303967900511,13.373077017134243,0.11920341542268434,0.02,0.796326366201412,1018.5344038998903,1005.161326882756,1005.3005302981787,1004.5042039319774,GOOD
SYN00045,L004,45,2026-01-15 00:11:15,29.938438218745148,30.89597292447034,-10.0,-6.833357719288734,84.96792596432444,Raw Gravity,979.7621884775862,979.5466686175431,0.12340349928467048,0.1901200930674109,-0.012312356250970425,26.22110195259052,9.51242271227661,0.15256782508421224,0.02,-0.796326366201412,1005.6820791940755,996.1696564817989,996.3422243068832,997.1385506730845,GOOD
SYN00046,L004,46,2026-01-15 00:11:30,29.938673440432073,30.91083393526029,-8.571428571428571,-6.807248112039967,84.41170157293806,Raw Gravity,980.1881386118728,979.6874369918203,0.10293789070503542,0.3010264186993532,-0.012265311913585465,26.049451105408682,9.450151667365292,0.153564086348599,0.02,-0.7919224610976991,1005.8458907197906,996.3957390524254,996.569303138774,997.3612255998717,GOOD
SYN00047,L004,47,2026-01-15 00:11:45,29.938439987016153,30.925694946050243,-7.142857142857142,-6.833161441206907,87.03526489829541,Raw Gravity,980.3230949147928,979.8323672010109,0.08207918801471492,0.256807209004225,-0.01231200259676939,26.85908274761396,9.743867714685356,0.1525752870074652,0.02,-0.7428366743014242,1006.8556032679845,997.1117355532991,997.2843108403066,998.027147514608,GOOD
SYN00048,L004,48,2026-01-15 00:12:00,29.938604065579863,30.940555956840193,-5.714285714285714,-6.8149487206350186,89.84817088408987,Raw Gravity,980.444574041011,979.9737673262223,0.06090704539282543,0.16072599361131273,-0.012279186884027384,27.727145534830132,10.0587812598036,0.15326949223536096,0.02,-0.6518385260953903,1007.9623657237211,997.9035844639175,998.0768539561528,998.7286924822482,GOOD
SYN00049,L004,49,2026-01-15 00:12:15,29.938383764861456,30.955416967630146,-4.285714285714286,-6.839402100378339,90.60474243515048,Raw Gravity,980.8956323684031,980.1185807394588,0.039502313967345784,0.33422547942238,-0.012323247027708817,27.960623515487438,10.143481790316645,0.15233823958516796,0.02,-0.5240623177428149,1008.4948513375285,998.3513695472119,998.5237077867971,999.04777010454,GOOD
SYN00050,L004,50,2026-01-15 00:12:30,29.938463599214323,30.970277978420096,-2.8571428571428568,-6.830540487210295,96.39116157515294,Raw Gravity,981.0103831877,980.2607289532625,0.01794673306483995,0.3146218322453173,-0.012307280157135381,29.746312462092195,10.791289350939254,0.1526749680271097,0.02,-0.36671744373014836,1010.4364343646392,999.6451450137,999.8178199817271,1000.1845374254573,GOOD
SYN00051,L004,51,2026-01-15 00:12:45,29.938586903296176,30.98513898921005,-1.4285714285714288,-6.816853734124353,99.12341591506284,Raw Gravity,981.4261465786619,980.4024911558729,-0.003677381931627635,0.27132967016941323,-0.012282619340764711,30.58948615138839,11.09717369428062,0.15319671239199323,0.02,-0.18868162301464844,1011.7602630611534,1000.6630893668728,1000.8362860792647,1001.0249677022794,GOOD
SYN00052,L004,52,2026-01-15 00:13:00,29.93783431084728,31.0,0.0,-6.900391495952121,103.06371843297056,Raw Gravity,982.9222426729954,980.5520313196762,-0.0252874539243953,0.24720196770795744,-0.012433137830544184,31.805463508414714,11.538302776098197,0.15004400063046158,0.02,0.0,1014.5182248054571,1002.9799220293588,1003.1499660299893,1003.1499660299893,GOOD
SYN00053,L004,53,2026-01-15 00:13:15,29.9382442152089,31.01486101078995,1.4285714285714288,-6.854892111812187,106.43275422190572,Raw Gravity,983.8910231403657,980.6912485118021,-0.046800959442526206,0.3608539399662185,-0.01235115695821989,32.845147952880104,11.915476776680434,0.15175168997495975,0.02,0.18868162301464844,1016.4344692696803,1004.5189924929999,1004.6907441829749,1004.5020625599602,GOOD
SYN00054,L004,54,2026-01-15 00:13:30,29.93818990838442,31.029722021579904,2.8571428571428577,-6.8609201693296065,113.6603579377212,Raw Gravity,983.5387348331768,980.8345878992607,-0.0681357437783472,0.3425511431681552,-0.012362018323116076,35.07558645958076,12.724629418237495,0.15152413680664553,0.02,0.36671744373014853,1018.3522679116909,1005.6276384934534,1005.7991626302601,1005.4324451865299,GOOD
SYN00055,L004,55,2026-01-15 00:13:45,29.938129185792004,31.044583032369854,4.2857142857142865,-6.8676603770876286,111.74919879373195,Raw Gravity,983.5163901239184,980.9779842587385,-0.08921033471577033,0.45023379306396955,-0.012374162841599201,34.48580274774568,12.510669227474553,0.15127017154676714,0.02,0.524062317742815,1017.6535435761575,1005.142874348683,1005.3141445202298,1004.7900822024869,CHECK_OUTLIER
SYN00056,L004,56,2026-01-15 00:14:00,29.93826026168282,31.059444043159807,5.714285714285715,-6.853110953206962,110.56716684751615,Raw Gravity,983.6156053388025,981.1196774476851,-0.10994425365235043,0.35813317575564485,-0.012347947663435832,34.12102768914348,12.37833708679666,0.15181900290099432,0.02,0.6518385260953904,1017.5007920535062,1005.1224549667095,1005.2942739696105,1004.6424354435151,GOOD
SYN00057,L004,57,2026-01-15 00:14:15,29.938898129633255,31.074305053949757,7.142857142857142,-6.782307610708519,119.30095001878433,Raw Gravity,982.8175657309256,981.2568703231424,-0.1302583229269792,0.36252896977213084,-0.012220374073348951,36.816273175796844,13.356111187547965,0.1545225605037499,0.02,0.7428366743014242,1019.4137886339506,1006.0576774464026,1006.2322000069064,1005.489363332605,GOOD
SYN00058,L004,58,2026-01-15 00:14:30,29.93804740083076,31.08916606473971,8.571428571428573,-6.876738507785625,115.76519685453275,Raw Gravity,982.0049329651993,981.4072819377658,-0.1500749681796113,0.34081748309323395,-0.012390519833847691,35.7251397493088,12.96027265997519,0.1509289032347165,0.02,0.7919224610976991,1017.5517207194283,1004.5914480594531,1004.7623769626878,1003.9704545015901,GOOD
SYN00059,L004,59,2026-01-15 00:14:45,29.938708341180412,31.10402707552966,10.0,-6.8033741289742355,116.4880048363891,Raw Gravity,982.0125179861798,981.5442699303179,-0.1693185145883805,0.39602273984833386,-0.012258331763917597,35.94819829250967,13.041193254248752,0.15371252961198484,0.02,0.796326366201412,1017.7462703851934,1004.7050771309447,1004.8787896605567,1004.0824632943553,GOOD
SYN00060,L005,60,2026-01-15 00:15:00,29.947236139864188,30.89597292447034,-10.0,-5.856788475075159,88.8788899428279,Raw Gravity,979.4209070429894,979.4685430780061,-0.18791547585285656,0.39245827344033407,-0.010552772027162406,27.428025436356688,9.950267253658406,0.19415770673268362,0.02,-0.796326366201412,1006.6549424537858,996.7046752001274,996.9188329068601,997.7151592730614,GOOD
SYN00061,L005,61,2026-01-15 00:15:15,29.94772190013144,30.91083393526029,-8.571428571428571,-5.802869085409958,82.65080672007485,Raw Gravity,979.6565959815159,979.6070866696899,-0.20579483481988436,0.4298103306958183,-0.010455619973711805,25.5060389538151,9.253014029813212,0.1966687735822615,0.02,-0.7919224610976991,1004.9490750594289,995.6960610296156,995.9127298031979,996.7046522642955,GOOD
SYN00062,L005,62,2026-01-15 00:15:30,29.947901229174718,30.925694946050243,-7.142857142857142,-5.782963561606326,83.91731851050064,Raw Gravity,980.2669989380299,979.7483513706428,-0.22288831468036413,0.3471780012253264,-0.01041975416505636,25.896884492340494,9.394803950937929,0.19760018605374285,0.02,-0.7428366743014242,1006.0500134979906,996.6552095470527,996.8728097331064,997.6156464074078,GOOD
SYN00063,L005,63,2026-01-15 00:15:45,29.948053830712105,30.940555956840193,-5.714285714285714,-5.7660247909561555,84.74705984294575,Raw Gravity,980.7297669629294,979.889853411848,-0.23913063970134388,0.3574938403996246,-0.010389233857578973,26.152942667533054,9.48769606530329,0.19839459763487544,0.02,-0.6518385260953903,1006.7747356636218,997.2870395983184,997.5054341959533,998.1572727220487,GOOD
SYN00064,L005,64,2026-01-15 00:16:00,29.948098877288118,30.955416967630146,-4.285714285714286,-5.761024621018812,88.77794224810643,Raw Gravity,981.0772835966275,980.0323105411101,-0.25445978449775086,0.36132912239085585,-0.010380224542376483,27.396872977765643,9.938965846296483,0.19862941629654937,0.02,-0.5240623177428149,1008.3776674610423,998.4387016147458,998.6573310310423,999.1813933487852,GOOD
SYN00065,L005,65,2026-01-15 00:16:15,29.948128470317094,30.970277978420096,-2.8571428571428568,-5.7577397948025295,94.39795346783139,Raw Gravity,981.0089740616937,980.1749048978699,-0.2688172108918544,0.43084443388503635,-0.010374305936581153,29.131208440172763,10.568143524379474,0.19878375646216323,0.02,-0.36671744373014836,1009.9885295848098,999.4203860604304,999.6391698168925,1000.0058872606227,GOOD
SYN00066,L005,66,2026-01-15 00:16:30,29.947716912728826,30.98513898921005,-1.4285714285714288,-5.803422687100464,98.25551742615055,Raw Gravity,982.3954187777201,980.3214166721109,-0.2821480914559554,0.4722431367305557,-0.010456617454234873,30.32165267771006,11.000009767961576,0.1966429030090287,0.02,-0.18868162301464844,1012.5374330276098,1001.5374232596482,1001.7540661626572,1001.9427477856718,GOOD
SYN00067,L005,67,2026-01-15 00:16:45,29.947675966162908,31.0,0.0,-5.807967755917109,101.71414190984052,Raw Gravity,985.9308482687109,980.4646374204734,-0.29440151888464733,0.3804024569478861,-0.010464806767418367,31.388984193376782,11.387213500646567,0.1964305744261976,0.02,0.0,1017.2442963307919,1005.8570828301454,1006.0735134045716,1006.0735134045716,GOOD
SYN00068,L005,68,2026-01-15 00:17:00,29.948151759919277,31.01486101078995,1.4285714285714288,-5.75515464896024,102.2790419589024,Raw Gravity,987.7061361441787,980.603269514774,-0.30553070039710956,0.38812586210532873,-0.010369648016144595,31.56331234851728,11.450455812329196,0.19890526477696885,0.02,0.18868162301464844,1019.1972229790039,1007.7467671666747,1007.9656724314516,1007.776990808437,GOOD
SYN00069,L005,69,2026-01-15 00:17:15,29.947773640926073,31.029722021579904,2.8571428571428577,-5.797125857205791,104.17208600133898,Raw Gravity,986.0213469251202,980.7494843542908,-0.3154931364270564,0.43108847657810534,-0.010445271814785429,32.14750574001321,11.662387961316503,0.19693726957169244,0.02,0.36671744373014853,1018.0637025967972,1006.4013146354806,1006.6182519050523,1006.2515344613221,GOOD
SYN00070,L005,70,2026-01-15 00:17:30,29.947382872638343,31.044583032369854,4.2857142857142865,-5.840501137144043,112.06279749425606,Raw Gravity,985.1636749288454,980.8958115195429,-0.32425078291797366,0.40911660727360244,-0.010523425472331384,34.58257930672742,12.545777574154197,0.19491435594663414,0.02,0.524062317742815,1019.6719118366894,1007.1261342625353,1007.3410486184819,1006.816986300739,GOOD
SYN00071,L005,71,2026-01-15 00:17:45,29.947434187632698,31.059444043159807,5.714285714285715,-5.834805172770666,113.42699820828524,Raw Gravity,984.874347066077,981.0382129852502,-0.33177019660387375,0.4750274318208741,-0.01051316247346037,35.003571647076825,12.698504073111978,0.19517935363330016,0.02,0.6518385260953904,1019.7451746404103,1007.0466705672983,1007.2618499209316,1006.6100113948362,GOOD
SYN00072,L005,72,2026-01-15 00:18:00,29.94751124526441,31.074305053949757,7.142857142857142,-5.826251775650591,116.82000167217168,Raw Gravity,983.1378185660751,981.1803858563377,-0.338022662720781,0.32085595152255936,-0.010497750947118335,36.05065251603218,13.078361329204803,0.19557766073659194,0.02,0.7428366743014242,1019.2161355442527,1006.1377742150479,1006.3533518757845,1005.610515201483,GOOD
SYN00073,L005,73,2026-01-15 00:18:15,29.94802173644641,31.08916606473971,8.571428571428573,-5.769587254448376,117.8630727182215,Raw Gravity,982.2284910966943,981.3187098374988,-0.34298430466124824,0.39812963059729906,-0.010395652710717941,36.372544240843155,13.195136366330324,0.19822738415511673,0.02,0.7919224610976991,1018.5562856643121,1005.3611492979818,1005.5793766821369,1004.7874542210392,GOOD
SYN00074,L005,74,2026-01-15 00:18:30,29.947893904011103,31.10402707552966,10.0,-5.783776654767704,116.3448073169791,Raw Gravity,981.8007519501072,981.4627021323814,-0.3466361751531605,0.40636413313470365,-0.010421219197779408,35.90400753801975,13.025161848038493,0.19756209460564836,0.02,0.796326366201412,1017.6554527493431,1004.6302909013046,1004.8478529959103,1004.051526629709,GOOD
SYN00075,L006,75,2026-01-15 00:18:45,29.957574570350445,30.89597292447034,-10.0,-4.709222691100447,87.55054158706363,Raw Gravity,979.1989149642482,979.376737815288,-0.3489643286146379,0.3354872161031007,-0.008485085929910952,27.018097133767835,9.801554537350693,0.25015831443482023,0.02,-0.796326366201412,1006.2389742964575,996.4374197591068,996.7075780735415,997.5039044397429,GOOD
SYN00076,L006,76,2026-01-15 00:19:00,29.957171781881833,30.91083393526029,-8.571428571428571,-4.753932211116619,86.10396117556417,Raw Gravity,979.6956385540714,979.5231717197464,-0.3499598744087322,0.40934316139359994,-0.008565643623633434,26.5716824187791,9.639605375884052,0.2479229048488505,0.02,-0.7919224610976991,1006.2165033294892,996.5768979536052,996.8448208584541,997.6367433195518,GOOD
SYN00077,L006,77,2026-01-15 00:19:15,29.95738287821964,30.925694946050243,-7.142857142857142,-4.730500517620089,87.2702497411186,Raw Gravity,980.4553856695251,979.6641543271239,-0.34961901079455016,0.4177873447093759,-0.008523424356071984,26.9315990701092,9.770174996292425,0.24909442863922682,0.02,-0.7428366743014242,1007.3273398300755,997.5571648337831,997.8262592624222,998.5690959367237,GOOD
SYN00078,L006,78,2026-01-15 00:19:30,29.957551184779238,30.940555956840193,-5.714285714285714,-4.711818489504464,86.32942793115335,Raw Gravity,981.8503011713331,979.8055169077318,-0.34794303944515254,0.45950998466536286,-0.008489763044152455,26.64126145955392,9.664847078119204,0.2500285245438394,0.02,-0.6518385260953903,1008.3884854487109,998.7236383705916,998.9936668951354,999.6455054212308,GOOD
SYN00079,L006,79,2026-01-15 00:19:45,29.9572142705689,30.955416967630146,-4.285714285714286,-4.749215966851967,89.80463026966099,Raw Gravity,982.6363721339013,979.9513658487767,-0.3449383604767902,0.5312335788639496,-0.008557145886219785,27.71370890121738,10.053906753042384,0.24815869692235332,0.02,-0.5240623177428149,1010.1723429626178,1000.1184362095754,1000.3865949064977,1000.9106572242406,GOOD
SYN00080,L006,80,2026-01-15 00:20:00,29.95749035048864,30.970277978420096,-2.8571428571428568,-4.718571095760861,93.70439870930296,Raw Gravity,981.9861777709281,980.0917714019465,-0.3406164480084573,0.46935231861103344,-0.008501929902271855,28.917177441690892,10.490497919142467,0.2496908944499613,0.02,-0.36671744373014836,1010.7831212719186,1000.2926233527761,1000.562314247226,1000.9290316909562,GOOD
SYN00081,L006,81,2026-01-15 00:20:15,29.957087214928777,30.98513898921005,-1.4285714285714288,-4.763319142905823,98.64017798252091,Raw Gravity,983.4089924111007,980.2382083885753,-0.3349938063450952,0.43608473204664294,-0.008582557014244685,30.440358925405953,11.043073709694962,0.24745361419329548,0.02,-0.18868162301464844,1013.7568429678194,1002.7137692581244,1002.9812228723177,1003.1699044953324,GOOD
SYN00082,L006,82,2026-01-15 00:20:30,29.957194916584452,31.0,0.0,-4.7513642591257605,100.162790507376,Raw Gravity,988.0959848851471,980.38010914073,-0.328091906951771,0.4907977578891563,-0.008561016683109558,30.910237150576233,11.213534901951316,0.24805129088310268,0.02,0.0,1018.852077201469,1007.6385422995177,1007.9065935904008,1007.9065935904008,GOOD
SYN00083,L006,83,2026-01-15 00:20:45,29.957188183594386,31.01486101078995,1.4285714285714288,-4.752111621023091,105.94629963256394,Raw Gravity,990.3949227968484,980.523026072539,-0.31993710645951234,0.5521242329115323,-0.008562363281122743,32.695028066609225,11.861016677394394,0.24801392600265004,0.02,0.18868162301464844,1022.8663261002868,1011.0053094228923,1011.2733233488949,1011.0846417258803,GOOD
SYN00084,L006,84,2026-01-15 00:21:00,29.956894813593813,31.029722021579904,2.8571428571428577,-4.784675691086719,108.0581252575497,Raw Gravity,987.7632006625264,980.6684883410013,-0.31056054601591154,0.4568876779233518,-0.00862103728123742,33.346737454479836,12.097442102770987,0.24638601419984216,0.02,0.36671744373014853,1020.9722320223801,1008.8747899196092,1009.141175933809,1008.7744584900788,GOOD
SYN00085,L006,85,2026-01-15 00:21:15,29.957501232378092,31.044583032369854,4.2857142857142865,-4.7173632060317345,111.49437840259658,Raw Gravity,986.9503628600897,980.805960485054,-0.299998032364857,0.46617694142265664,-0.008499753524381504,34.40716517504131,12.482141294743736,0.24975128883160783,0.02,0.524062317742815,1021.1998488795977,1008.7177075848539,1008.9874588736855,1008.4633965559426,GOOD
SYN00086,L006,86,2026-01-15 00:21:30,29.95715659280296,31.059444043159807,5.714285714285715,-4.755618198871266,115.81375096483018,Raw Gravity,986.6689574258859,980.9518780273382,-0.28828990110951525,0.5456532004720723,-0.00856868143940801,35.74012354774659,12.965708443140729,0.24783861387606568,0.02,0.6518385260953904,1022.1602863557093,1009.1945779125685,1009.4624165264446,1008.8105780003492,GOOD
SYN00087,L006,87,2026-01-15 00:21:45,29.957330249184558,31.074305053949757,7.142857142857142,-4.73634234051405,111.69712749960284,Raw Gravity,984.1617797659163,981.0931931015268,-0.2754808626807302,0.5126690136114532,-0.008533950163088378,34.469733546377434,12.504839684675787,0.24880234471901255,0.02,0.7428366743014242,1018.4028591115261,1005.8980194268504,1006.1668217715694,1005.423985097268,GOOD
SYN00088,L006,88,2026-01-15 00:22:00,29.957498988838676,31.08916606473971,8.571428571428573,-4.717612238906921,113.65582580652115,Raw Gravity,982.6369493210029,981.2345518362555,-0.2616198315990484,0.5621401208230992,-0.008500202232264798,35.074187843892425,12.724122032100043,0.24973883720583584,0.02,0.7919224610976991,1017.4191170779037,1004.6949950458037,1004.9647338830096,1004.1728114219119,GOOD
SYN00089,L006,89,2026-01-15 00:22:15,29.957486658934936,31.10402707552966,10.0,-4.7189808582219595,112.89099449866694,Raw Gravity,981.7720339660968,981.3775184686577,-0.24675973968237422,0.5351036135874927,-0.008502668213012755,34.838160902288614,12.63849679620871,0.2496704063733549,0.02,0.796326366201412,1016.3303536626934,1003.6918568664846,1003.961527272858,1003.1652009066567,GOOD
SYN00090,L007,90,2026-01-15 00:22:30,29.967048692594982,30.89597292447034,-10.0,-3.657595121956878,81.15271766278659,Raw Gravity,979.7839718467884,979.2926076097566,-0.23095733391256892,0.576889202471368,-0.0065902614810035235,25.043728670735938,9.085298315773713,0.3016597663443134,0.02,-0.796326366201412,1004.4883589104465,995.4030605946729,995.7247203610171,996.5210467272185,GOOD
SYN00091,L007,91,2026-01-15 00:22:45,29.96677342391265,30.91083393526029,-8.571428571428571,-3.6881499456961664,84.0758530939396,Raw Gravity,980.0380563885332,979.4379091385129,-0.21427295973289162,0.49607218125448965,-0.006645315217470227,25.945808264789758,9.412552389011129,0.300222832303068,0.02,-0.7919224610976991,1005.7087107470188,996.2961583580077,996.6163811903108,997.4083036514085,GOOD
SYN00092,L007,92,2026-01-15 00:23:00,29.966656374245066,30.925694946050243,-7.142857142857142,-3.7011424587975554,87.50311651760664,Raw Gravity,981.728506817625,979.5818056824181,-0.19677033060381446,0.5532419213067405,-0.006668725150986887,27.003461757333408,9.796245153807268,0.29961023233517947,0.02,-0.7428366743014242,1008.3821657094065,998.5859205555993,998.9055307879345,999.6483674622359,GOOD
SYN00093,L007,93,2026-01-15 00:23:15,29.966780186894127,30.940555956840193,-5.714285714285714,-3.6873992547520453,86.96412247717748,Raw Gravity,984.2685892090118,979.7235633689517,-0.17851628469721986,0.5493317200176281,-0.0066439626211746376,26.83712819645697,9.735903100099698,0.3002581988774482,0.02,-0.6518385260953903,1010.7415459327696,1001.0056428326699,1001.3259010315473,1001.9777395576427,GOOD
SYN00094,L007,94,2026-01-15 00:23:30,29.966200865732667,30.955416967630146,-4.285714285714286,-3.7517039036741107,90.35993084857203,Raw Gravity,985.4001828422479,979.8715648837225,-0.1595805296581057,0.5050917414202115,-0.006759826853466678,27.88507465986933,10.11607437428327,0.29721749781572804,0.02,-0.5240623177428149,1012.9465061172086,1002.8304317429254,1003.1476492407411,1003.6717115584839,GOOD
SYN00095,L007,95,2026-01-15 00:23:45,29.96628743220529,30.970277978420096,-2.8571428571428568,-3.7420950252127128,95.29398629530101,Raw Gravity,983.9386643677182,980.0136533163027,-0.14003537640848773,0.4937324571216157,-0.00674251355894171,29.40772417072989,10.668457177116464,0.297673274699304,0.02,-0.36671744373014836,1012.9994339712939,1002.3309767941774,1002.6486500688767,1003.0153675126069,GOOD
SYN00096,L007,96,2026-01-15 00:24:00,29.966332265668377,30.98513898921005,-1.4285714285714288,-3.7371185108099656,99.44925316980229,Raw Gravity,984.033150722093,980.1561123380077,-0.11995546301003802,0.6122138731684152,-0.0067335468663245026,30.690039528200984,11.133652185044193,0.2979091332183254,0.02,-0.18868162301464844,1014.2376653870018,1003.1040132019576,1003.421922335176,1003.6106039581906,GOOD
SYN00097,L007,97,2026-01-15 00:24:15,29.96644954595117,31.0,0.0,-3.7241003994198487,100.6065442104317,Raw Gravity,987.3843270621368,980.2979280319536,-0.09941746963995837,0.5663988691834155,-0.006710090809765746,31.04717954333922,11.26321450464488,0.2985254926106533,0.02,0.0,1017.9712352967423,1006.7080207920974,1007.026546284708,1007.026546284708,GOOD
SYN00098,L007,98,2026-01-15 00:24:30,29.96695297696174,31.01486101078995,1.4285714285714288,-3.668219557246852,107.39435848748326,Raw Gravity,989.699879852545,980.4363147074368,-0.07849982576852264,0.53885254110158,-0.006609404607652181,33.14189902923733,12.023131355185063,0.3011607199086474,0.02,0.18868162301464844,1022.3880355710569,1010.3649042158718,1010.6860649357805,1010.4973833127658,GOOD
SYN00099,L007,99,2026-01-15 00:24:45,29.96648261541865,31.029722021579904,2.8571428571428577,-3.7204296885301917,108.56120695773737,Raw Gravity,988.0719576639643,980.5833486607968,-0.05728241065650551,0.5911776752274119,-0.00670347691627029,33.50198846715775,12.153763658660267,0.2986991225393236,0.02,0.36671744373014853,1021.0467543434675,1008.8929906848072,1009.2116898073465,1008.8449723636163,GOOD
SYN00100,L007,100,2026-01-15 00:25:00,29.966672639383088,31.044583032369854,4.2857142857142865,-3.699337028477365,109.85106105408704,Raw Gravity,987.6063161301375,980.7245183908497,-0.035846248316225564,0.6584076318306757,-0.0066654721233824436,33.90003744129126,12.298166823294311,0.2996954147160799,0.02,0.524062317742815,1020.8904576600378,1008.5922908367435,1008.9119862514596,1008.3879239337167,GOOD
SYN00101,L007,101,2026-01-15 00:25:15,29.967277104554917,31.059444043159807,5.714285714285715,-3.6322413944043466,112.74123681549118,Raw Gravity,986.970919243403,980.862007882981,-0.014273198101065844,0.4939898635842467,-0.006544579089016622,34.79194568126058,12.621730959328366,0.30284804118982933,0.02,0.6518385260953904,1021.2896928382694,1008.667961878941,1008.9908099201308,1008.3389713940354,GOOD
SYN00102,L007,102,2026-01-15 00:25:30,29.96668053076434,31.074305053949757,7.142857142857142,-3.6984610851582462,112.51459896550996,Raw Gravity,984.7317410319386,981.0101626010983,0.007354357894966331,0.5392148882473086,-0.00666389384713213,34.722005240756374,12.596358149445633,0.29973673629616804,0.02,0.7428366743014242,1018.9138409203997,1006.317482770954,1006.6372195072502,1005.8943828329487,GOOD
SYN00103,L007,103,2026-01-15 00:25:45,29.96707468555336,31.08916606473971,8.571428571428573,-3.654709903577106,114.2599222881374,Raw Gravity,982.986384914047,981.1495196494291,0.028953829433889616,0.5739225675373436,-0.006585062889327986,35.260612018119204,12.791752505916076,0.3017951779845826,0.02,0.7919224610976991,1017.6507055980843,1004.8589530921682,1005.1807482701528,1004.3888258090551,GOOD
SYN00104,L007,104,2026-01-15 00:26:00,29.966472475373727,31.10402707552966,10.0,-3.7215552335161846,114.93984679246256,Raw Gravity,982.4253830506071,981.2977244186812,0.05044273352525492,0.6991458998577555,-0.0067055049252545025,35.47043672015394,12.867872161941241,0.2986458903736815,0.02,0.796326366201412,1017.1529366423032,1004.2850644803619,1004.6037103707356,1003.8073840045342,GOOD
SYN00105,L008,105,2026-01-15 00:26:15,29.976218050002856,30.89597292447034,-10.0,-2.6397964496831263,87.22356020678566,Raw Gravity,980.034727018369,979.2111837159747,0.07173900940809678,0.6462363725573361,-0.004756389999428734,26.917190679814055,9.764947958186296,0.3455805156169414,0.02,-0.796326366201412,1006.2386987062171,996.4737507480307,996.8393312636476,997.635657629849,GOOD
SYN00106,L008,106,2026-01-15 00:26:30,29.97594973126518,30.91083393526029,-8.571428571428571,-2.6695798295648445,88.67020761335564,Raw Gravity,980.5137346663968,979.3564235292223,0.09276133192049786,0.6764929523240647,-0.004810053746963661,27.36362606948155,9.926904619958766,0.3444281281887297,0.02,-0.7919224610976991,1007.1129165053807,997.1860118854219,997.5504400136106,998.3423624747082,GOOD
SYN00107,L008,107,2026-01-15 00:26:45,29.976169907473835,30.925694946050243,-7.142857142857142,-2.6451402704044438,83.02868524971845,Raw Gravity,982.7362295634025,979.4973255073467,0.11342942206008089,0.5871391112343239,-0.0047660185052329496,25.622652268063113,9.295318702630254,0.34537444112223015,0.02,-0.7428366743014242,1007.6630793166764,998.3677606140461,998.7331350551683,999.4759717294697,GOOD
SYN00108,L008,108,2026-01-15 00:27:00,29.97659489529847,30.940555956840193,-5.714285714285714,-2.5979666218701256,88.10165901988609,Raw Gravity,986.483073573772,979.6364087583211,0.13366435354948303,0.5941904303167412,-0.004681020940306269,27.188171973536846,9.863253842419208,0.3471830757071624,0.02,-0.6518385260953903,1012.9480717843829,1003.0848179419637,1003.4520010176708,1004.1038395437662,GOOD
SYN00109,L008,109,2026-01-15 00:27:15,29.97566962374508,30.955416967630146,-4.285714285714286,-2.700671764296115,87.67305637849766,Raw Gravity,987.7677384821507,979.7874823125723,0.15338885423610638,0.6785779768060353,-0.004866075250983926,27.05590519840438,9.815270448047587,0.3432151823507139,0.02,-0.5240623177428149,1013.9965429247638,1004.1812724767162,1004.5444876590669,1005.0685499768098,GOOD
SYN00110,L008,110,2026-01-15 00:27:30,29.976448630615977,30.970277978420096,-2.8571428571428568,-2.614202001626587,93.83936687408861,Raw Gravity,985.7624958244919,979.9234218744158,0.17252760117518331,0.6651210744063041,-0.00471027387680465,28.958828617343745,10.50560802359153,0.3465633016868191,0.02,-0.36671744373014836,1013.888386040131,1003.3827780165394,1003.7493413182262,1004.1160587619564,GOOD
SYN00111,L008,111,2026-01-15 00:27:45,29.976377752042566,30.98513898921005,-1.4285714285714288,-2.62206952327513,96.30869780638447,Raw Gravity,983.9622737273653,980.0669084190049,0.1910075082692996,0.6956643656923702,-0.004724449591486746,29.720864143050246,10.782057276387942,0.34626194625267553,0.02,-0.18868162301464844,1012.8011904460453,1002.0191331696574,1002.38539511591,1002.5740767389246,GOOD
SYN00112,L008,112,2026-01-15 00:28:00,29.976077973463095,31.0,0.0,-2.655344945596293,96.8692573374242,Raw Gravity,985.082904859958,980.2124275956477,0.20875800536595887,0.6648639420923733,-0.004784405307380979,29.893852814329108,10.844813653622385,0.34498007666700997,0.02,0.0,1014.1079201321362,1003.2631064785138,1003.6280865551807,1003.6280865551807,GOOD
SYN00113,L008,113,2026-01-15 00:28:15,29.97577097962573,31.01486101078995,1.4285714285714288,-2.689421261543959,106.34802103234085,Raw Gravity,986.6189797742775,980.3580108437807,0.22571130774737933,0.6941747448511594,-0.004845804074854243,32.818999290580386,11.905990633435758,0.3436552452060877,0.02,0.18868162301464844,1018.5229388163342,1006.6169481828985,1006.9806034281045,1006.7919218050898,GOOD
SYN00114,L008,114,2026-01-15 00:28:30,29.97631807417063,31.029722021579904,2.8571428571428577,-2.6286937670598665,106.94860503095762,Raw Gravity,986.4469883965666,980.4960097870792,0.24180267498341368,0.6941935796633156,-0.004736385165873713,33.00433951255352,11.973227873891302,0.3460076995341569,0.02,0.36671744373014853,1018.5200680396392,1006.5468401657479,1006.9128478652821,1006.5461304215519,GOOD
SYN00115,L008,115,2026-01-15 00:28:45,29.976101273371793,31.044583032369854,4.2857142857142865,-2.6527586557309735,110.24874135044557,Raw Gravity,986.7729608682432,980.6407921210299,0.256970658159089,0.7311960617619385,-0.004779745325641471,34.0227615807475,12.342688365280567,0.34508012919951403,0.02,0.524062317742815,1019.8123354743954,1007.4696471091148,1007.8347272383143,1007.3106649205714,GOOD
SYN00116,L008,116,2026-01-15 00:29:00,29.97637592883861,31.059444043159807,5.714285714285715,-2.6222718989142333,111.58853879821125,Raw Gravity,986.5085050051138,980.7812103233417,0.2711573345326773,0.7386781732945479,-0.004724814232277908,34.43622307312799,12.492682842930023,0.34625418576781375,0.02,0.6518385260953904,1019.9396173846468,1007.4469345417168,1007.8131887274847,1007.1613502013893,GOOD
SYN00117,L008,117,2026-01-15 00:29:15,29.976299956202276,31.074305053949757,7.142857142857142,-2.6307048615474837,113.95355419254273,Raw Gravity,984.9129307210461,980.9247421032095,0.2843085287281874,0.6233542263673679,-0.004740008759544879,35.16606682381868,12.757453647873154,0.34593041853983825,0.02,0.7428366743014242,1019.1760747985288,1006.4186211506557,1006.7845515691955,1006.0417148948941,GOOD
SYN00118,L008,118,2026-01-15 00:29:30,29.97686929917373,31.08916606473971,8.571428571428573,-2.5675077917155846,116.67453045462224,Raw Gravity,982.9022517277918,981.0625434804801,0.29637401961760435,0.5980044652095459,-0.004626140165253645,36.00576009829642,13.062075375439369,0.3483381267458021,0.02,0.7919224610976991,1018.0182594814263,1004.956184105987,1005.3245222327328,1004.5325997716351,GOOD
SYN00119,L008,119,2026-01-15 00:29:45,29.97620582727507,31.10402707552966,10.0,-2.6411531724673423,115.06131107452883,Raw Gravity,982.4043075291364,981.2112922537974,0.3073077321028402,0.7664752297487961,-0.004758834544986002,35.50792059759959,12.881470464857834,0.3455282248274163,0.02,0.796326366201412,1016.8432039994294,1003.9617335345716,1004.327261759399,1003.5309353931976,GOOD
SYN00120,L009,120,2026-01-15 00:30:00,29.985406421007873,30.89597292447034,-10.0,-1.6198872681259278,86.06973233628197,Raw Gravity,980.3531010406607,979.1295909814501,0.31706791306503435,0.7817942814189496,-0.0029187157984253533,26.561119398976615,9.63577335121701,0.37865920008943155,0.02,-0.796326366201412,1005.8182769609518,996.1825036097348,996.5811628098243,997.3774891760256,GOOD
SYN00121,L009,121,2026-01-15 00:30:15,29.98583985276556,30.91083393526029,-8.571428571428571,-1.5717763430228004,85.73295096157295,Raw Gravity,980.926466388292,979.268599250299,0.3256172908092923,0.677396942669818,-0.0028320294468876742,26.457188666741413,9.598069632296072,0.3798793032310845,0.02,-0.7919224610976991,1006.3834728510012,996.7854032187051,997.1852825219362,997.9772049830339,GOOD
SYN00122,L009,122,2026-01-15 00:30:30,29.98585452701746,30.925694946050243,-7.142857142857142,-1.5701475010621826,88.21937303766043,Raw Gravity,982.968661818869,979.4113260857993,0.3329232173959847,0.6414563902078356,-0.0028290945965082416,27.224498519422006,9.876432291622502,0.37992002817273307,0.02,-0.7428366743014242,1009.2216098252837,999.3451775336613,999.745097561834,1000.4879342361354,GOOD
SYN00123,L009,123,2026-01-15 00:30:45,29.986265046257554,30.940555956840193,-5.714285714285714,-1.5245798654114355,86.41575443034576,Raw Gravity,986.6649526599812,979.5505378178044,0.33895779331508014,0.7454199684751092,-0.002746990748489253,26.6679018172047,9.674511597315941,0.381043761732629,0.02,-0.6518385260953903,1012.2512237061442,1002.5767121088282,1002.9777558705608,1003.6295943966562,GOOD
SYN00124,L009,124,2026-01-15 00:31:00,29.986076189922663,30.955416967630146,-4.285714285714286,-1.54554291858447,86.56940285397893,Raw Gravity,988.8058522262218,979.6950720049153,0.3436979740274101,0.7930302056319077,-0.002784762015467379,26.715317720737897,9.69171301465179,0.38053053589089747,0.02,-0.5240623177428149,1014.3872265293157,1004.695513514664,1005.0960440505548,1005.6201063682977,GOOD
SYN00125,L009,125,2026-01-15 00:31:15,29.98590385111662,30.970277978420096,-2.8571428571428568,-1.5646725260550727,94.81451163519186,Raw Gravity,986.2467499972456,979.8394595163701,0.34712565796601175,0.842388087325729,-0.002819229776675769,29.25975829062021,10.614778502545798,0.38005663484024665,0.02,-0.36671744373014836,1014.3198137723508,1003.705035269805,1004.1050919046452,1004.4718093483754,GOOD
SYN00126,L009,126,2026-01-15 00:31:30,29.98630256529034,30.98513898921005,-1.4285714285714288,-1.5204152527722705,95.68756390946486,Raw Gravity,983.2174513996054,979.9787760773647,0.34922775566149433,0.7843433066987181,-0.0027394869419318014,29.529182222460854,10.71251941111271,0.3811449603855145,0.02,-0.18868162301464844,1011.6158020466479,1000.9032826355352,1001.3044275959207,1001.4931092189354,GOOD
SYN00127,L009,127,2026-01-15 00:31:45,29.985346865850506,31.0,0.0,-1.626497890593967,102.55448446727354,Raw Gravity,983.0999158229316,980.1301198312475,0.3499962397274548,0.7459626601539928,-0.0029306268298988415,31.648313906600613,11.481292455013122,0.37848896057513026,0.02,0.0,1013.6552014564807,1002.1739090014676,1002.5723979620427,1002.5723979620427,GOOD
SYN00128,L009,128,2026-01-15 00:32:00,29.985544707840262,31.01486101078995,1.4285714285714288,-1.604537429731043,105.04120450920624,Raw Gravity,983.6798922359446,980.2712201372356,0.34942817551506367,0.7259120307936665,-0.0028910584319476133,32.41571571154105,11.759688472539617,0.3790520847225637,0.02,0.18868162301464844,1015.0231587996088,1003.2634703270692,1003.6625224117918,1003.4738407887771,GOOD
SYN00129,L009,129,2026-01-15 00:32:15,29.985441347692998,31.029722021579904,2.8571428571428577,-1.6160104060772742,107.69379472397188,Raw Gravity,984.4742771647756,980.4149951182005,0.3475257323197557,0.7771611933460745,-0.0029117304614004525,33.23430505181772,12.056654170112296,0.3787587480988419,0.02,0.36671744373014853,1016.5868070213888,1004.5301528512765,1004.9289115993753,1004.5621941556451,GOOD
SYN00130,L009,130,2026-01-15 00:32:30,29.985634776932006,31.044583032369854,4.2857142857142865,-1.5945397605472837,111.80244983624854,Raw Gravity,985.3386559817534,980.5561346094153,0.3442961750972326,0.767645460457911,-0.0028730446135988076,34.502236019466295,12.516630846762517,0.37930616242216453,0.02,0.524062317742815,1018.7318234102781,1006.2151925635156,1006.6144987259378,1006.0904364081949,GOOD
SYN00131,L009,131,2026-01-15 00:32:45,29.985279145816907,31.059444043159807,5.714285714285715,-1.6340148143233055,117.43241732412504,Raw Gravity,984.9650558179221,980.7021497565744,0.3397518367204101,0.7378753672553652,-0.002944170836618554,36.23964398622498,13.146923159929504,0.3782946236039968,0.02,0.6518385260953904,1020.130016771008,1006.9830936110784,1007.3813882346824,1006.729549708587,GOOD
SYN00132,L009,132,2026-01-15 00:33:00,29.98600413215722,31.074305053949757,7.142857142857142,-1.5535413305484769,119.20064909782556,Raw Gravity,983.9949078266942,980.8385690207296,0.3339100708832552,0.8970866119746025,-0.002799173568556057,36.78532031158897,13.344882188513775,0.3803330343847956,0.02,0.7428366743014242,1019.5520306289939,1006.2071484404801,1006.6074814748648,1005.8646448005634,GOOD
SYN00133,L009,133,2026-01-15 00:33:15,29.985695168681936,31.08916606473971,8.571428571428573,-1.587836276305004,115.76157754041584,Raw Gravity,983.106025714563,980.9841697592473,0.32679318583136013,0.8899273164246767,-0.002860966263612852,35.72402282897233,12.95986746653993,0.37947571863422225,0.02,0.7919224610976991,1017.616189007543,1004.6563215410031,1005.0557972596373,1004.2638747985396,GOOD
SYN00134,L009,134,2026-01-15 00:33:30,29.985245228646836,31.10402707552966,10.0,-1.6377796202011594,115.55950623258256,Raw Gravity,982.5174198474456,981.1310223696161,0.3184283591723209,0.8634913973884737,-0.0029509542706328776,35.66166362337498,12.93724495720694,0.37819698829954085,0.02,0.796326366201412,1017.0001146685305,1004.0628697113235,1004.4610666996231,1003.6647403334217,GOOD
SYN00135,L010,135,2026-01-15 00:33:45,29.99489244186737,30.89597292447034,-10.0,-0.5669389527219866,87.35429898356898,Raw Gravity,980.1305612222718,979.0453551162177,0.30884753409123683,0.7666665102098781,-0.0010215116265257507,26.957536666329386,9.779584569537397,0.39732946388465196,0.02,-0.796326366201412,1006.0136053559265,996.2340207863891,996.6513502502737,997.4476766164751,GOOD
SYN00136,L010,136,2026-01-15 00:34:00,29.995371394274095,30.91083393526029,-8.571428571428571,-0.5137752355756772,83.10618496669116,Raw Gravity,980.7234793699266,979.1839591617031,0.29808729736766126,0.8614800632048305,-0.0009257211451810577,25.64656868072089,9.303995036194472,0.3978056628257968,0.02,-0.7919224610976991,1005.2114064112202,995.9074113750257,996.3252170378515,997.1171394989492,GOOD
SYN00137,L010,137,2026-01-15 00:34:15,29.99556044390308,30.925694946050243,-7.142857142857142,-0.4927907267579097,86.02871911697973,Raw Gravity,982.336395725849,979.325137543855,0.2861887396598217,0.8567304843544937,-0.0008879112193838524,26.548462719499945,9.631181794175143,0.3979808570926563,0.02,-0.7428366743014242,1007.7428271325541,998.1116453383789,998.5296261954716,999.272462869773,GOOD
SYN00138,L010,138,2026-01-15 00:34:30,29.99597795897472,30.940555956840193,-5.714285714285714,-0.4464465538060135,86.83397437384572,Raw Gravity,984.9506113337901,979.464287152876,0.2731972985896532,0.8528965119794334,-0.0008044082050560064,26.796964491768787,9.721332616472587,0.39834210865909303,0.02,-0.6518385260953903,1010.6222864231947,1000.9009538067221,1001.3192959153812,1001.9711344414766,GOOD
SYN00139,L010,139,2026-01-15 00:34:45,29.99630845683934,30.955416967630146,-4.285714285714286,-0.40976129083339174,89.9237785850353,Raw Gravity,986.0966172030877,979.6042094746953,0.25916258522786007,0.8992725610110518,-0.0007383086321318899,27.75047807134189,10.067245776308315,0.39860297131659816,0.02,-0.5240623177428149,1012.6893984368229,1002.6221526605145,1003.0407556318311,1003.5648179495739,GOOD
SYN00140,L010,140,2026-01-15 00:35:00,29.99540775304376,30.970277978420096,-2.8571428571428568,-0.5097394121426451,90.80234256736661,Raw Gravity,984.7540242426278,979.755064867257,0.24413819464162245,0.8745779216915588,-0.0009184493912478332,28.021602916289336,10.165603737678651,0.3978399188219974,0.02,-0.36671744373014836,1011.6578294919752,1001.4922257542966,1001.9100656731185,1002.2767831168487,GOOD
SYN00141,L010,141,2026-01-15 00:35:15,29.994901825997523,30.98513898921005,-1.4285714285714288,-0.5658973142749595,92.98050167934196,Raw Gravity,982.3480062265442,979.9024146422848,0.2281815012284109,0.8858301432533439,-0.0010196348004953392,28.693782818244927,10.409455402557537,0.397339238947452,0.02,-0.18868162301464844,1009.9287970351079,999.5193416325503,999.9366808714977,1000.1253624945124,GOOD
SYN00142,L010,142,2026-01-15 00:35:30,29.99449011134502,31.0,0.0,-0.6115976407029373,95.97635265615801,Raw Gravity,982.1916452613127,980.0489278112562,0.21135343961748382,0.8866948124963696,-0.0011019777309961398,29.618302429690363,10.744850206550124,0.3968936836543184,0.02,0.0,1010.7130014166203,999.9681512100701,1000.3850448937244,1000.3850448937244,GOOD
SYN00143,L010,143,2026-01-15 00:35:45,29.99535488891009,31.01486101078995,1.4285714285714288,-0.5156073309799315,101.82189603711187,Raw Gravity,982.8064255092011,980.1841057293356,0.1937182719757478,0.8779091356174966,-0.0009290222179821229,31.42223711705272,11.39927690923239,0.3977900237518134,0.02,0.18868162301464844,1013.1579642408785,1001.7586873316461,1002.1764773553979,1001.9877957323832,GOOD
SYN00144,L010,144,2026-01-15 00:36:00,29.99496546456499,31.029722021579904,2.8571428571428577,-0.558833433286098,106.82728381994167,Raw Gravity,983.9842498160176,980.3304209603772,0.17534334260658332,0.7777090756213142,-0.0010069070870017073,32.966899786834,11.959645588222312,0.39740505989545993,0.02,0.36671744373014853,1015.9991040917108,1004.0394585034885,1004.456863563384,1004.0901461196538,GOOD
SYN00145,L010,145,2026-01-15 00:36:15,29.99510873801909,31.044583032369854,4.2857142857142865,-0.5429300798808724,110.30819293872514,Raw Gravity,984.6750547143588,980.4720058349619,0.15629882077875717,0.8770907528671833,-0.0009782523961817447,34.041108340890574,12.34934415488839,0.3975502549859995,0.02,0.524062317742815,1017.6837517339997,1005.3344075791113,1005.7519578340972,1005.2278955163544,GOOD
SYN00146,L010,146,2026-01-15 00:36:30,29.995037840887964,31.059444043159807,5.714285714285715,-0.5507996614360773,117.18821149815403,Raw Gravity,984.5271909455024,980.6154925443434,0.13665743276750314,0.8511201679438313,-0.0009924318224072692,36.16428206833033,13.119583560673988,0.3974789249529356,0.02,0.6518385260953904,1019.7046878449438,1006.5851042842698,1007.0025832092227,1006.3507446831273,GOOD
SYN00147,L010,147,2026-01-15 00:36:45,29.995207680856485,31.074305053949757,7.142857142857142,-0.5319474249303404,117.05435599840901,Raw Gravity,983.3343448275044,980.7568415082801,0.1164941841310275,0.8209577848939187,-0.0009584638287030601,36.12297426110902,13.104598022525483,0.39764810464991296,0.02,0.7428366743014242,1018.5208255834171,1005.4162275608917,1005.8338756655415,1005.0910389912401,GOOD
SYN00148,L010,148,2026-01-15 00:37:00,29.99564255333115,31.08916606473971,8.571428571428573,-0.4836765802421792,113.47780109825447,Raw Gravity,982.5878160142377,980.8958369835623,0.0958860732830048,0.9750607306305931,-0.0008714893337696595,35.019249418921326,12.704191614132993,0.3980546940002365,0.02,0.7919224610976991,1016.5369901185791,1003.832798504446,1004.2508531984463,1003.4589307373486,GOOD
SYN00149,L010,149,2026-01-15 00:37:15,29.995315010389408,31.10402707552966,10.0,-0.5200338467758712,115.71099279616527,Raw Gravity,982.0269678778635,981.0416027077421,0.0749117974548558,0.9834397335994691,-0.0009369979221183656,35.708412376896604,12.95420434760837,0.3977520108172059,0.02,0.796326366201412,1016.677965721628,1003.7237613740195,1004.1415133848367,1003.3451870186353,GOOD
SYN00150,L011,150,2026-01-15 00:37:30,30.00468441798191,30.89597292447034,-10.0,0.5199703959921375,84.17028032619275,Raw Gravity,980.1104316530289,978.9584023683207,0.05365145217066151,0.9709710634595966,0.0009368835963819322,25.974948508663083,9.42312381038629,0.39775255797673426,0.02,-0.796326366201412,1005.0598207624652,995.6366969520789,996.0544495100556,996.850775876257,GOOD
SYN00151,L011,151,2026-01-15 00:37:45,30.004368375129374,30.91083393526029,-8.571428571428571,0.4848896393606525,84.0290463811584,Raw Gravity,980.3454286555318,979.1040659717082,0.03218622538235275,0.9217907711772418,0.0008736750258748317,25.93136371322548,9.407312232414464,0.39804494540163937,0.02,-0.7919224610976991,1005.3219416971717,995.9146294647572,996.3326744101589,997.1245968712566,GOOD
SYN00152,L011,152,2026-01-15 00:38:00,30.00413809433951,30.925694946050243,-7.142857142857142,0.45932847168551066,85.54280583088531,Raw Gravity,981.1206218918331,979.2489680079794,0.010598087433184319,0.9825814232717132,0.0008276188679019469,26.398509879411208,9.576782295465687,0.3982452433069407,0.02,-0.7428366743014242,1006.5251246416715,996.9483423462058,997.3665875895127,998.1094242638142,GOOD
SYN00153,L011,153,2026-01-15 00:38:15,30.00456633759559,30.940555956840193,-5.714285714285714,0.5068634731107517,87.93338029832086,Raw Gravity,982.7119511802345,979.3880223507226,-0.011030521966544424,0.9216728931438036,0.0009132675191182217,27.136241160061815,9.844414517875945,0.39786416648107004,0.02,-0.6518385260953903,1008.9366367015999,999.092222183724,999.510086350205,1000.1619248763004,GOOD
SYN00154,L011,154,2026-01-15 00:38:30,30.00472220258956,30.955416967630146,-4.285714285714286,0.5241644874409521,88.43066003869727,Raw Gravity,983.4531090832921,979.5294954124333,-0.03261700855616822,0.9372301648482334,0.0009444405179117155,27.289701687941974,9.90008652637828,0.39771624858393295,0.02,-0.5240623177428149,1009.8372531744242,999.937166648046,1000.3548828966299,1000.8789452143727,GOOD
SYN00155,L011,155,2026-01-15 00:38:45,30.0053786755497,30.970277978420096,-2.8571428571428568,0.5970329860168803,94.37542876510223,Raw Gravity,982.457266024545,979.6665230754044,-0.0540789389315176,0.8784367993698774,0.0010757351099400126,29.124257316910548,10.565621814082366,0.39703938750805645,0.02,-0.36671744373014836,1010.7560897459073,1000.1904679318249,1000.6075073193329,1000.974224763063,GOOD
SYN00156,L011,156,2026-01-15 00:39:00,30.004788529462456,30.98513898921005,-1.4285714285714288,0.5315267703326004,93.65627539675359,Raw Gravity,981.6356155075391,979.8146207155163,-0.07533435533751547,0.9589800000075507,0.0009577058924911342,28.902326587438154,10.485110365120294,0.3976518131218366,0.02,-0.18868162301464844,1009.6533387444149,999.1682283792946,999.5858801924164,999.7745618154311,GOOD
SYN00157,L011,157,2026-01-15 00:39:15,30.005095724053284,31.0,0.0,0.5656253699146072,99.8995530507416,Raw Gravity,981.8777143910617,979.9547499704069,-0.0963020886443884,0.9481697980934617,0.0010191448106567692,30.829002071458856,11.18406465264498,0.39734178803486764,0.02,0.0,1011.8538296082608,1000.6697649556157,1001.0871067436506,1001.0871067436506,GOOD
SYN00158,L011,158,2026-01-15 00:39:30,30.004561657347136,31.01486101078995,1.4285714285714288,0.5063439655321189,109.04762145698032,Raw Gravity,983.3915337664932,980.1023496256146,-0.1169020683123092,0.8860379627201497,0.0009123314694271301,33.65209598162413,12.208219269735464,0.39786853207122347,0.02,0.18868162301464844,1016.2735815222402,1004.0653622525048,1004.483230784576,1004.2945491615613,GOOD
SYN00159,L011,159,2026-01-15 00:39:45,30.00431457692628,31.029722021579904,2.8571428571428577,0.47891803881700395,107.98324358065027,Raw Gravity,985.2484780180812,980.247400842609,-0.13705562816080497,0.9546307798606751,0.0008629153852560024,33.32362896898867,12.089058866908898,0.39809270168119115,0.02,0.36671744373014853,1017.7536689199849,1005.664610053076,1006.0827027547572,1005.715985311027,GOOD
SYN00160,L011,160,2026-01-15 00:40:00,30.004393793864725,31.044583032369854,4.2857142857142865,0.48771111898439007,113.55487688546195,Raw Gravity,985.5783481819121,980.3895545390527,-0.1566858067752641,0.9592242241482968,0.0008787587729450763,35.04303500685356,12.71282048744581,0.3980221773095982,0.02,0.524062317742815,1019.8179660126196,1007.1051455251738,1007.5231677024834,1006.9991053847406,GOOD
SYN00161,L011,161,2026-01-15 00:40:15,30.004480240962994,31.059444043159807,5.714285714285715,0.49730674689225485,113.28716824797574,Raw Gravity,985.0256582731486,980.5316440316772,-0.17571764140336874,1.0591088275630012,0.0008960481925988973,34.96042012132531,12.682849675582453,0.3979437651360166,0.02,0.6518385260953904,1019.1017911601217,1006.4189414845392,1006.8368852496752,1006.1850467235798,GOOD
SYN00162,L011,162,2026-01-15 00:40:30,30.00550859980875,31.074305053949757,7.142857142857142,0.6114545787710916,115.77524304851372,Raw Gravity,983.3829211047043,980.665369347984,-0.1940784542191345,1.0199615025460718,0.0011017199617498364,35.72824000477133,12.96139736253456,0.3968951316793158,0.02,0.7428366743014242,1018.284176341187,1005.3227789786525,1005.7396741103319,1004.9968374360304,GOOD
SYN00163,L011,163,2026-01-15 00:40:45,30.004445588489233,31.08916606473971,8.571428571428573,0.4934603223047095,115.09298956164295,Raw Gravity,981.9749600239138,980.8176660313585,-0.21169812986138736,0.9818431749646067,0.0008891176978465865,35.51769657872301,12.88501696969357,0.39797537859716325,0.02,0.7919224610976991,1016.7216224398356,1003.8366054701421,1004.2545808487392,1003.4626583876416,GOOD
SYN00164,L011,164,2026-01-15 00:41:00,30.00504374196057,31.10402707552966,10.0,0.5598553576231388,114.45878288805515,Raw Gravity,981.8665498246368,980.9552115713901,-0.2285093831868267,0.9997303353897197,0.0010087483921140006,35.32198039925382,12.814015566544727,0.39739558820197873,0.02,0.796326366201412,1016.4163005232956,1003.6022849567509,1004.0196805449528,1003.2233541787515,GOOD
SYN00165,L012,165,2026-01-15 00:41:15,30.01389937190358,30.89597292447034,-10.0,1.542830281297572,83.22090002838148,Raw Gravity,979.7879045824952,978.8765735774962,-0.2444480162151917,0.9955216556945076,0.0027798743807160523,25.681969748758522,9.316837742967394,0.3805973073015724,0.02,-0.796326366201412,1004.7160208173938,995.3991830744263,995.7997803817279,996.5961067479293,GOOD
SYN00166,L012,166,2026-01-15 00:41:30,30.014560453053477,30.91083393526029,-8.571428571428571,1.6162102889360228,85.23211264523862,Raw Gravity,979.6956255525414,979.0135603197423,-0.2594531632853275,0.9891854044391524,0.0029120906106953727,26.302629962320637,9.541999230183663,0.37875362086868447,0.02,-0.7919224610976991,1005.2656111830976,995.7236119529139,996.1223655737825,996.9142880348802,GOOD
SYN00167,L012,167,2026-01-15 00:41:45,30.014363472135724,30.925694946050243,-7.142857142857142,1.5943454070652876,83.24207676660706,Raw Gravity,980.2469771463083,979.1581666531491,-0.2734675234859475,0.9512298106991475,0.002872694427144751,25.688504890174936,9.319208544459636,0.3793110874412776,0.02,-0.7428366743014242,1005.2548470548428,995.9356385103831,996.3349495978243,997.0777862721258,GOOD
SYN00168,L012,168,2026-01-15 00:42:00,30.01416830497761,30.940555956840193,-5.714285714285714,1.5726818525147295,87.81304486111613,Raw Gravity,980.799801077119,979.3027568803702,-0.286437579473514,1.0038186435778476,0.002833660995521825,27.099105644140437,9.83094259264102,0.37985664677027603,0.02,-0.6518385260953903,1007.1786919961596,997.3477494035186,997.7476060502888,998.3994445763842,GOOD
SYN00169,L012,169,2026-01-15 00:42:15,30.014210061868248,30.955416967630146,-4.285714285714286,1.5773168673756357,91.06912053937019,Raw Gravity,981.1552519798576,979.4452432220385,-0.29831380184161455,0.9800863915152003,0.0028420123736495385,28.10393059844964,10.195470358656165,0.3797404903383573,0.02,-0.5240623177428149,1008.5745679762599,998.3790976176037,998.7788381079421,999.3029004256849,GOOD
SYN00170,L012,170,2026-01-15 00:42:30,30.01398879153697,30.970277978420096,-2.8571428571428568,1.5527558606038774,92.78964393919057,Raw Gravity,981.2286977432785,979.5900652454374,-0.309050838261402,0.9608955942913009,0.002797758307394105,28.634884119634208,10.388088286888596,0.3803524707174407,0.02,-0.36671744373014836,1009.2089393485755,998.820851061687,999.2212035324044,999.5879209761346,GOOD
SYN00171,L012,171,2026-01-15 00:42:45,30.014385497806128,30.98513898921005,-1.4285714285714288,1.5967902564803362,95.15460168469745,Raw Gravity,981.0159226380055,979.7293996366244,-0.31860768667081796,1.054992528854467,0.0028770995612255493,29.364710079897634,10.652852637867102,0.3792490941553591,0.02,-0.18868162301464844,1009.6413707761582,998.988518138291,999.3877672324464,999.5764488554611,GOOD
SYN00172,L012,172,2026-01-15 00:43:00,30.014060793055922,31.0,0.0,1.5607480292074218,100.5957815527759,Raw Gravity,982.1440975160687,979.8751401576634,-0.3269478518512336,1.055014738013384,0.002812158611184401,31.043858187186643,11.262009591756076,0.38015428886250346,0.02,0.0,1012.457076658482,1001.195067066726,1001.5952213555885,1001.5952213555885,GOOD
SYN00173,L012,173,2026-01-15 00:43:15,30.013783091332165,31.01486101078995,1.4285714285714288,1.5299231378703633,103.03021205822819,Raw Gravity,984.1696333603468,980.0204632918275,-0.3340394847935808,0.9521361963379507,0.0027566182664330086,31.795123441169217,11.534551633576026,0.3809135522210377,0.02,0.18868162301464844,1015.3439034717053,1003.8093518381293,1004.2102653903503,1004.0215837673356,GOOD
SYN00174,L012,174,2026-01-15 00:43:30,30.013764233022055,31.029722021579904,2.8571428571428577,1.5278298654482683,109.19839598100376,Raw Gravity,987.594763332511,980.1634878964785,-0.33985550432176675,1.0413574069212301,0.0027528466044110193,33.69862499973776,12.225098945100912,0.38096461240631707,0.02,0.36671744373014853,1020.5891335830449,1008.364034637944,1008.7649992503502,1008.39828180662,GOOD
SYN00175,L012,175,2026-01-15 00:43:45,30.01428694491108,31.044583032369854,4.2857142857142865,1.5858508851299378,106.80600775059027,Raw Gravity,988.7173246478445,980.3017033577611,-0.34437370050892674,1.1032967749806148,0.002857388982216236,32.96033399183216,11.957263666302607,0.37952581256099177,0.02,0.524062317742815,1020.9158781762228,1008.9586145099202,1009.3581403224812,1008.8340780047383,GOOD
SYN00176,L012,176,2026-01-15 00:44:00,30.014793792961058,31.059444043159807,5.714285714285715,1.6421110186774706,112.20395230103499,Raw Gravity,986.972776104427,980.4400596899344,-0.34757681949159097,1.112492959520067,0.0029587585922115525,34.6261396800994,12.561580292353,0.3780844094130683,0.02,0.6518385260953904,1020.8310408859057,1008.2694605935527,1008.6675450029658,1008.0157064768704,GOOD
SYN00177,L012,177,2026-01-15 00:44:15,30.014282405702378,31.074305053949757,7.142857142857142,1.5853470329639907,110.43728637676756,Raw Gravity,984.2071303490371,980.5874579516485,-0.34945262935788235,1.1168436816091447,0.0028564811404756087,34.08094657587047,12.363796565466897,0.37953851636319236,0.02,0.7428366743014242,1017.5178293915159,1005.1540328260489,1005.553571342412,1004.8107346681106,GOOD
SYN00178,L012,178,2026-01-15 00:44:30,30.014181998516907,31.08916606473971,8.571428571428573,1.5742018353766578,112.00028598735955,Raw Gravity,982.1768718671659,980.7312067103128,-0.3499939668581351,1.073517566699588,0.0028363997033814315,34.563288255699156,12.538779217171463,0.37981858917375033,0.02,0.7919224610976991,1016.0138001233203,1003.4750209061488,1003.8748394953225,1003.0829170342248,GOOD
SYN00179,L012,179,2026-01-15 00:44:45,30.014327751477524,31.10402707552966,10.0,1.5903804140051547,117.32121749873498,Raw Gravity,981.8887975973021,980.8727695668796,-0.34919876475955686,1.0353397068456895,0.002865550295504704,36.205327720109615,13.134473994757627,0.3794114439385785,0.02,0.796326366201412,1017.4051188250301,1004.2706448302724,1004.670056274211,1003.8737299080096,GOOD
SYN00180,L013,180,2026-01-15 00:45:00,30.024178549703034,30.89597292447034,-10.0,2.6838190170366945,86.34203703862785,Raw Gravity,979.4314256852454,978.7852944786371,-0.3470700597404748,1.0294270987658762,0.004835709940606847,26.645152630120553,9.666258706789208,0.3438738858689078,0.02,-0.796326366201412,1005.3893855664,995.7231268596108,996.0870007454797,996.8833271116811,GOOD
SYN00181,L013,181,2026-01-15 00:45:15,30.023786975202007,30.91083393526029,-8.571428571428571,2.6403542474229753,82.72772066905654,Raw Gravity,979.6927904023436,978.9316288030633,-0.3436159807940191,1.1068623522609293,0.004757395040401491,25.529774598470848,9.261624784834954,0.34555901935042954,0.02,-0.7919224610976991,1004.454561234307,995.1929364494721,995.5584954688225,996.3504179299201,GOOD
SYN00182,L013,182,2026-01-15 00:45:30,30.023559836559777,30.925694946050243,-7.142857142857142,2.615141858135072,81.73598494268283,Raw Gravity,979.8951959101927,979.0765029370635,-0.3388497181855275,1.1146161756313016,0.004711967311955334,25.223724953311923,9.150596895886666,0.34652733656428414,0.02,-0.7428366743014242,1004.3384424387468,995.1878455428601,995.5543728794244,996.2972095537258,GOOD
SYN00183,L013,183,2026-01-15 00:45:45,30.02410658104298,30.940555956840193,-5.714285714285714,2.6758304957708168,80.33218698415476,Raw Gravity,980.1971268295184,979.2145049889098,-0.33278947308221396,1.1660387963829288,0.004821316208595761,24.79051290331016,8.993437362655776,0.3441850901463346,0.02,-0.6518385260953903,1004.1495690933193,995.1561317306636,995.5203168208099,996.1721553469052,GOOD
SYN00184,L013,184,2026-01-15 00:46:00,30.02386242526943,30.955416967630146,-4.285714285714286,2.6487292049068856,87.59727304710685,Raw Gravity,980.571287502197,979.359530235036,-0.32545838804745447,1.162691290209412,0.0047724850538863,27.032518462337173,9.806786269170058,0.3452358706388147,0.02,-0.5240623177428149,1006.7618005773184,996.9550143081483,997.3202501787871,997.8443124965299,GOOD
SYN00185,L013,185,2026-01-15 00:46:15,30.02426134402746,30.970277978420096,-2.8571428571428568,2.693009187048261,96.66936048392203,Raw Gravity,980.5758510512009,979.4988449793218,-0.3168844586651138,1.1071009417553812,0.004852268805492344,29.832164645338338,10.822434581192573,0.34351504642992503,0.02,-0.36671744373014836,1009.6129469446435,998.7905123634508,999.1540274098808,999.520744853611,GOOD
SYN00186,L013,186,2026-01-15 00:46:30,30.023773948872588,30.98513898921005,-1.4285714285714288,2.6389083248572973,96.38844408106074,Raw Gravity,981.027263110885,979.6460301911543,-0.30710042663139864,1.0575221475285284,0.0047547897745175765,29.745473843415343,10.7909851190514,0.34561473512490726,0.02,-0.18868162301464844,1010.0175604436287,999.2265753245773,999.5921900597021,999.7808716827168,GOOD
SYN00187,L013,187,2026-01-15 00:46:45,30.02326666834324,31.0,0.0,2.5826001860996013,98.3643353906811,Raw Gravity,982.5520627098206,979.7933919851121,-0.2961436547224926,1.109797178510659,0.004653333668647975,30.355233901564187,11.012192276426461,0.34776705689282056,0.02,0.0,1012.0889897539279,1001.0767974775014,1001.4445645343942,1001.4445645343942,GOOD
SYN00188,L013,188,2026-01-15 00:47:00,30.02321488810269,31.01486101078995,1.4285714285714288,2.5768525793985946,104.36833270001598,Raw Gravity,985.9511215005559,979.9367089365052,-0.28405598411543986,1.1426341349913622,0.004642977620537891,32.20806747122493,11.68435838759816,0.3479848288073808,0.02,0.18868162301464844,1017.2959678432844,1005.6116094556862,1005.9795942844936,1005.790912661479,GOOD
SYN00189,L013,189,2026-01-15 00:47:15,30.024302847429347,31.029722021579904,2.8571428571428577,2.6976160646576712,103.9714277842427,Raw Gravity,989.8821765360998,980.0699050005417,-0.2708835746071333,1.127688479870998,0.004860569485869349,32.085582614217294,11.639923651872103,0.3433348358268203,0.02,0.36671744373014853,1021.1060936755673,1009.4661700236952,1009.829504859522,1009.4627874157918,GOOD
SYN00190,L013,190,2026-01-15 00:47:30,30.024329059245044,31.044583032369854,4.2857142857142865,2.700525576199753,109.65123825541129,Raw Gravity,991.5688338789661,980.2125293824755,-0.2566767283415719,1.1149180036262174,0.0048658118490088505,33.83837212561992,12.275796041531885,0.34322090891079254,0.02,0.524062317742815,1024.5440989174524,1012.2683028759205,1012.6315237848313,1012.1074614670885,GOOD
SYN00191,L013,191,2026-01-15 00:47:45,30.02364322683637,31.059444043159807,5.714285714285715,2.6243981788371173,112.87766455127183,Raw Gravity,988.6196670977881,980.3614767171216,-0.24148969771852985,1.1624770166682274,0.004728645367273999,34.83404728052248,12.637004467274991,0.3461726229858159,0.02,0.6518385260953904,1022.5279984139935,1009.8909939467185,1010.2571665697043,1009.6053280436089,GOOD
SYN00192,L013,192,2026-01-15 00:48:00,30.02356983292363,31.074305053949757,7.142857142857142,2.6162514545229816,114.04052817906165,Raw Gravity,985.2329433421905,980.5049855979238,-0.22538047821718246,1.130654955738834,0.004713966584726137,35.192906996058426,12.767190655283308,0.34648486387727145,0.02,0.7428366743014242,1019.5158618941426,1006.7486712388593,1007.1151561027366,1006.3723194284352,GOOD
SYN00193,L013,193,2026-01-15 00:48:15,30.024234565036558,31.08916606473971,8.571428571428573,2.690036719058109,116.34885291445782,Raw Gravity,982.9189952188657,980.6419399196183,-0.20841058692584719,1.130469605512728,0.004846913007311571,35.90525600940168,13.025614765217588,0.3436312056160928,0.02,0.7919224610976991,1017.8973452966732,1004.8717305314556,1005.2353617370717,1004.443439275974,GOOD
SYN00194,L013,194,2026-01-15 00:48:30,30.023308983063846,31.10402707552966,10.0,2.587297120086682,115.08340015036296,Raw Gravity,981.9298623683115,980.793016230393,-0.19064482762357862,1.1834656183038008,0.004661796612769109,35.51473728640201,12.8839434053736,0.34758882757994725,0.02,0.796326366201412,1016.4471170674205,1003.5631736620469,1003.9307624896268,1003.1344361234254,GOOD
SYN00195,L014,195,2026-01-15 00:48:45,30.03286866167169,30.89597292447034,-10.0,3.6484214455575565,85.69539862519629,Raw Gravity,979.9570977444592,978.7081262843554,-0.17215104331071232,1.1538134144718004,0.006573732334337734,26.445600015735575,9.593865531826463,0.30209014733139916,0.02,-0.796326366201412,1005.4144616566994,995.8205961248728,996.1426862722043,996.9390126384056,GOOD
SYN00196,L014,196,2026-01-15 00:49:00,30.033422915298228,30.91083393526029,-8.571428571428571,3.7099435981033513,82.57601870102853,Raw Gravity,980.0083707584691,978.8460616550088,-0.1529998571333782,1.1921383298168104,0.006684583059645633,25.482959371137405,9.244641279238117,0.29919472725037166,0.02,-0.7919224610976991,1004.4455070738636,995.2008657946255,995.5200605218758,996.3119829829735,GOOD
SYN00197,L014,197,2026-01-15 00:49:15,30.033048885778392,30.925694946050243,-7.142857142857142,3.6684263214014057,86.32596577893247,Raw Gravity,980.1939501041613,978.9922401800022,-0.13326440269133663,1.1996133784001313,0.0066097771556783876,26.64019303937856,9.664459479445405,0.30115100148555224,0.02,-0.7428366743014242,1005.7611843906755,996.09672491123,996.4178759127155,997.160712587017,GOOD
SYN00198,L014,198,2026-01-15 00:49:30,30.033189240104928,30.940555956840193,-5.714285714285714,3.6840056516469866,89.31748352391081,Raw Gravity,980.2033737200716,979.1338509764397,-0.1130200447590137,1.1350017940925783,0.006637848020985615,27.563375415478873,9.99936916470074,0.30041803910811504,0.02,-0.6518385260953903,1006.7381295381958,996.7387603734951,997.0591784126032,997.7110169386985,GOOD
SYN00199,L014,199,2026-01-15 00:49:45,30.033132187480856,30.955416967630146,-4.285714285714286,3.677672810374809,86.53817630257572,Raw Gravity,980.3968199592244,979.2772147465986,-0.09234409148623932,1.1739312548435188,0.006626437496171179,26.705681206974866,9.68821710541989,0.3007161460883267,0.02,-0.5240623177428149,1006.0142875653459,996.326070459926,996.6467866060143,997.1708489237571,GOOD
SYN00200,L014,200,2026-01-15 00:50:00,30.03331273430872,30.970277978420096,-2.8571428571428568,3.697713508267747,89.85219828375422,Raw Gravity,980.7183165106619,979.4184686336242,-0.07131549917771987,1.2759022249222445,0.006662546861743834,27.72838839036655,10.059232139680965,0.2997719989897538,0.02,-0.36671744373014836,1007.2354556284222,997.1762234887412,997.495995487731,997.8627129314611,GOOD
SYN00201,L014,201,2026-01-15 00:50:15,30.033698286493408,30.98513898921005,-1.4285714285714288,3.740509800768338,97.9699239155917,Raw Gravity,981.2388850703047,979.5579020730814,-0.05001457077861844,1.1519294691793391,0.006739657298681579,30.2335185203516,10.96803668911463,0.29774841960409204,0.02,-0.18868162301464844,1010.363749034957,999.3957123458423,999.7134607654464,999.902142388461,GOOD
SYN00202,L014,202,2026-01-15 00:50:30,30.033223729032358,31.0,0.0,3.6878339225918593,98.8797452420915,Raw Gravity,983.0556776076778,979.7049732861926,-0.028522649217652525,1.1102207892571592,0.006644745806471519,30.514289381709435,11.069894007062395,0.300237721176479,0.02,0.0,1012.4816241035412,1001.4117300964788,1001.7319678176552,1001.7319678176552,GOOD
SYN00203,L014,203,2026-01-15 00:50:45,30.03342313583826,31.01486101078995,1.4285714285714288,3.7099680780468636,106.01919196541883,Raw Gravity,986.521157815068,979.8460596966133,-0.006921806778748037,1.128981320933192,0.0066846271676517695,32.71752264052825,11.86917720002373,0.2991935709509313,0.02,0.18868162301464844,1018.1099363142743,1006.2407591142505,1006.5599526852014,1006.3712710621868,GOOD
SYN00204,L014,204,2026-01-15 00:51:00,30.032452285065535,31.029722021579904,2.8571428571428577,3.6022036422745485,106.02735555092384,Raw Gravity,990.7363873896039,979.9975379943323,0.014705468312519869,1.2295491428137832,0.006490457013106976,32.720041923015096,11.870091138728132,0.3042509544806391,0.02,0.36671744373014853,1022.2056842444796,1010.3355931057514,1010.659844060232,1010.2931266165018,GOOD
SYN00205,L014,205,2026-01-15 00:51:15,30.03317352964179,31.044583032369854,4.2857142857142865,3.682261790238585,112.9596288905402,Raw Gravity,992.378359191493,980.1339904853523,0.03627658689087564,1.235659576276217,0.006634705928357932,34.8593414756207,12.646180629145537,0.30050015068243896,0.02,0.524062317742815,1025.9591297980185,1013.3129491688729,1013.6334493195553,1013.1093870018125,GOOD
SYN00206,L014,206,2026-01-15 00:51:30,30.032887219058594,31.059444043159807,5.714285714285715,3.6504813155040745,112.73646461151786,Raw Gravity,989.7861272453634,980.2793900661883,0.05770917423874953,1.234253236492958,0.006577443811718809,34.79047297911441,12.62119669629972,0.30199355125398286,0.02,0.6518385260953904,1023.2780603699345,1010.6568636736347,1010.9788572248887,1010.3270186987933,GOOD
SYN00207,L014,207,2026-01-15 00:51:45,30.032751873909,31.074305053949757,7.142857142857142,3.635458003898844,114.52534581947397,Raw Gravity,985.8473015283259,980.4234490739738,0.07892138465476278,1.3068633376002712,0.006550374781799918,35.34252171988967,12.821467493062151,0.30269749289806747,0.02,0.7428366743014242,1019.7974881511788,1006.9760206581166,1007.2987181510147,1006.5558814767132,GOOD
SYN00208,L014,208,2026-01-15 00:52:00,30.032874634519267,31.08916606473971,8.571428571428573,3.6490844316386393,117.70486717190137,Raw Gravity,983.1406865412473,980.5652161026118,0.09983221400203199,1.1185321913883313,0.006574926903853396,36.32372200924876,13.177424764982591,0.3020590597674409,0.02,0.7919224610976991,1018.2394692182017,1005.0620444532192,1005.3841035129866,1004.5921810518889,GOOD
SYN00209,L014,209,2026-01-15 00:52:15,30.03307068097917,31.10402707552966,10.0,3.6708455886877567,113.4538590492823,Raw Gravity,982.3384678941023,980.706332352905,0.12036180904274876,1.2779906736546516,0.006614136195833709,35.01186090260852,12.701511227530206,0.3010372719397281,0.02,0.796326366201412,1015.9453621778176,1003.2438509502874,1003.5648882222272,1002.7685618560258,GOOD
SYN00210,L015,210,2026-01-15 00:52:30,30.043004308170786,30.89597292447034,-10.0,4.773478206957398,82.25149104485043,Raw Gravity,979.9897365708988,978.6181217434435,0.1404317723777625,1.3422859569129213,0.008600861634157297,25.38281013644084,9.208309402093244,0.24694574975818617,0.02,-0.796326366201412,1003.8812281164148,994.6729187143216,994.9398644640797,995.7361908302811,GOOD
SYN00211,L015,211,2026-01-15 00:52:45,30.042196273842826,30.91083393526029,-8.571428571428571,4.683786396553575,82.8608662897433,Raw Gravity,980.0387026484832,978.7681542311328,0.15996546182668156,1.2138450754677887,0.008439254768565264,25.57086333701478,9.27653084982226,0.25143010752499034,0.02,-0.7919224610976991,1004.227316193435,994.9507853436127,995.2222154511377,996.0141379122354,GOOD
SYN00212,L015,212,2026-01-15 00:53:00,30.04268529157628,30.925694946050243,-7.142857142857142,4.738067364966934,85.22107465468454,Raw Gravity,980.1496077005504,978.906668896517,0.17888828310522634,1.257263855012512,0.00853705831525602,26.29922363843565,9.540763492923364,0.24871609644842177,0.02,-0.7428366743014242,1005.004142142553,995.4633786496296,995.732094746078,996.4749314203794,GOOD
SYN00213,L015,213,2026-01-15 00:53:15,30.0424997777291,30.940555956840193,-5.714285714285714,4.717475327929814,82.72139754904524,Raw Gravity,980.5278615456486,979.0511734023371,0.19712797468218415,1.2446296516302076,0.00849995554581966,25.52782328363536,9.260916891948016,0.249745682744585,0.02,-0.6518385260953903,1004.6054272474257,995.3445103554777,995.6142560382223,996.2660945643177,GOOD
SYN00214,L015,214,2026-01-15 00:53:30,30.042556172806204,30.955416967630146,-4.285714285714286,4.723735181488679,89.544204672958,Raw Gravity,980.6569863347953,979.1935297569095,0.21461488372815887,1.2435770120773944,0.008511234561240855,27.63334156207484,10.024751300172134,0.2494326912972697,0.02,-0.5240623177428149,1006.8236247665034,996.7988734663312,997.0683061576284,997.5923684753712,GOOD
SYN00215,L015,215,2026-01-15 00:53:45,30.04303560737185,30.970277978420096,-2.8571428571428568,4.776952418275342,90.33419917794633,Raw Gravity,980.8653897971635,979.3321295208236,0.23128223210234258,1.278001281019751,0.008607121474369706,27.877133866314235,10.113193633988544,0.24677207729289705,0.02,-0.36671744373014836,1007.2246330288813,997.1114393948927,997.3782114721856,997.7449289159158,GOOD
SYN00216,L015,216,2026-01-15 00:54:00,30.042868168673362,30.98513898921005,-1.4285714285714288,4.758366722743315,97.39040918002337,Raw Gravity,981.1880290555221,979.4764735193235,0.24706637136156434,1.3717087123447602,0.00857363373467237,30.05468027295521,10.903158217972074,0.24770120287617559,0.02,-0.18868162301464844,1009.6153606110362,998.7122023930641,998.9799035959403,999.168585218955,GOOD
SYN00217,L015,217,2026-01-15 00:54:15,30.043156198464512,31.0,0.0,4.790338029560867,94.25341178428688,Raw Gravity,982.9015302164183,979.6167729576351,0.2619070258178088,1.3982238488245433,0.008631239692902427,29.08660287663093,10.551961634827448,0.24610298606588152,0.02,0.0,1010.319370978714,999.7674093438866,1000.0335123299525,1000.0335123299525,GOOD
SYN00218,L015,218,2026-01-15 00:54:30,30.04261857547832,31.01486101078995,1.4285714285714288,4.730661878093161,101.43427887106813,Raw Gravity,986.2209620400356,979.7644041926096,0.2757475227160251,1.295577620687792,0.008523715095663676,31.302618459611622,11.355881965880577,0.24908636076391635,0.02,0.18868162301464844,1015.9437316411477,1004.5878496752671,1004.856936036031,1004.6682544130164,GOOD
SYN00219,L015,219,2026-01-15 00:54:45,30.042423463070236,31.029722021579904,2.8571428571428577,4.70900440079633,103.31813052053565,Raw Gravity,989.7963621010149,979.9089939336507,0.2885350086532298,1.4136476595326548,0.008484692614047162,31.8839750786373,11.56678499797858,0.25016922894351834,0.02,0.36671744373014853,1019.9696698188523,1008.4028848208736,1008.6730540498171,1008.3063366060869,GOOD
SYN00220,L015,220,2026-01-15 00:55:00,30.04259358335665,31.044583032369854,4.2857142857142865,4.727887752587938,108.18795361280101,Raw Gravity,991.054722624188,980.0503404083644,0.3002206514124622,1.3261935395682949,0.008518716671329685,33.38680248491039,12.111976789609272,0.2492250648370461,0.02,0.524062317742815,1022.8065922014463,1010.694615411837,1010.963840476674,1010.4397781589312,GOOD
SYN00221,L015,221,2026-01-15 00:55:15,30.042761639431657,31.059444043159807,5.714285714285715,4.746541976914006,112.74961264784287,Raw Gravity,988.67016295241,980.1917052132754,0.31075982644083144,1.4181193339437497,0.008552327886331312,34.79453046312431,12.622668659725218,0.24829238705939066,0.02,0.6518385260953904,1021.7272619272633,1009.104593267538,1009.3728856545973,1008.7210471285019,GOOD
SYN00222,L015,222,2026-01-15 00:55:30,30.042737883239653,31.074305053949757,7.142857142857142,4.743905039601306,113.42874551478857,Raw Gravity,985.5382855361281,980.3347733111176,0.32011228725954577,1.331789917015653,0.008547576647930556,35.00411086586375,12.698699689491677,0.24842422602392003,0.02,0.7428366743014242,1018.8819466210687,1006.183246931577,1006.4516711576008,1005.7088344832994,GOOD
SYN00223,L015,223,2026-01-15 00:55:45,30.042283482724088,31.08916606473971,8.571428571428573,4.693466582373823,113.85979956051848,Raw Gravity,983.2380195820194,980.481665530553,0.32824231915516905,1.349027807690267,0.008456696544817533,35.137134144376,12.746957526178681,0.25094611362713004,0.02,0.7919224610976991,1016.6894269030051,1003.9424693768265,1004.2134154904536,1003.4214930293559,GOOD
SYN00224,L015,224,2026-01-15 00:56:00,30.042706862130885,31.10402707552966,10.0,4.740461696528272,113.6451070398424,Raw Gravity,982.5849974678529,980.6207630642778,0.3351188755651967,1.3667687069097336,0.008541372426176964,35.07088003249536,12.722922032942181,0.24859638467742834,0.02,0.796326366201412,1015.9454485454471,1003.2225265125049,1003.4911228971823,1002.694796530981,GOOD
SYN00225,L016,225,2026-01-15 00:56:15,30.052239665021766,30.89597292447034,-10.0,5.798602817416082,84.33548679584848,Raw Gravity,980.6686025540884,978.5361117746068,0.34071569663712864,1.5134577341356008,0.010447933004353161,26.02593122519884,9.441619186804305,0.19686820304901587,0.02,-0.796326366201412,1004.8299124155101,995.3882932287057,995.6051614317547,996.4014877979561,GOOD
SYN00226,L016,226,2026-01-15 00:56:30,30.053064618429836,30.91083393526029,-8.571428571428571,5.890172645711883,81.49964537208211,Raw Gravity,980.6012588795389,978.6716433312001,0.34501140950829134,1.4030993957990956,0.010612923685967246,25.15079056182454,9.124137948305247,0.19261197095531307,0.02,-0.7919224610976991,1003.9933257123702,994.8691877640649,995.0817997350202,995.8737221961179,GOOD
SYN00227,L016,227,2026-01-15 00:56:45,30.052833760978935,30.925694946050243,-7.142857142857142,5.864547468661793,85.50481001445739,Raw Gravity,980.459258756219,978.8165504882214,0.34798960992346595,1.331191957448915,0.010566752195786934,26.386784370461548,9.572528546029549,0.1937978301682064,0.02,-0.7428366743014242,1005.1562948071123,995.5837662610828,995.797564091251,996.5404007655525,GOOD
SYN00228,L016,228,2026-01-15 00:57:00,30.051849945497192,30.940555956840193,-5.714285714285714,5.7553439501881725,86.97067390972555,Raw Gravity,980.6687941125462,978.9681439125563,0.34963892487864345,1.4210251443499133,0.010369989099438471,26.839149968541303,9.736636553282896,0.19889636585769482,0.02,-0.6518385260953903,1005.7269100227595,995.9902734694766,996.2091698353343,996.8610083614296,GOOD
SYN00229,L016,229,2026-01-15 00:57:15,30.052053859006744,30.955416967630146,-4.285714285714286,5.777978349748558,88.82849010931601,Raw Gravity,980.78674296178,979.1091903034487,0.34995305605168886,1.3605036908715353,0.010410771801348773,27.41247204773492,9.944624836057265,0.19783381521522503,0.02,-0.5240623177428149,1006.4783474907903,996.533722654733,996.7515564699481,997.275618787691,GOOD
SYN00230,L016,230,2026-01-15 00:57:30,30.051630054091326,30.970277978420096,-2.8571428571428568,5.730936004137045,92.33401198151199,Raw Gravity,981.077517921027,979.2558108339547,0.3489308038540615,1.360127875470324,0.010326010818265275,28.4942760974946,10.33707887676741,0.2000454320500013,0.02,-0.36671744373014836,1007.8524093283789,997.5153304516115,997.7353758836615,998.1020933273917,GOOD
SYN00231,L016,231,2026-01-15 00:57:45,30.051944553186054,30.98513898921005,-1.4285714285714288,5.765845403651986,95.48612412399183,Raw Gravity,981.4743460508121,979.3958752248508,0.3465760720117437,1.4360655194996224,0.010388910637210813,29.467017904663876,10.68996760266567,0.19840301957046697,0.02,-0.18868162301464844,1009.1483334533274,998.4583658506617,998.6767688702322,998.8654504932468,GOOD
SYN00232,L016,232,2026-01-15 00:58:00,30.0522711521113,31.0,0.0,5.802097884354139,102.9097270285913,Raw Gravity,982.4480490249992,979.5358321692516,0.342897852657886,1.3982097977832064,0.01045423042225977,31.757941761023275,11.521062961004585,0.19670481590192831,0.02,0.0,1012.4544289051591,1000.9333659441546,1001.1500707600566,1001.1500707600566,GOOD
SYN00233,L016,233,2026-01-15 00:58:15,30.05259196242384,31.01486101078995,1.4285714285714288,5.837707829046055,102.61181288898085,Raw Gravity,984.7649424591547,979.6758405165334,0.33791019199409544,1.4166043810098712,0.010518392484767958,31.666005457539487,11.487710549541362,0.1950442863919465,0.02,0.18868162301464844,1014.6659149512055,1003.1782044016642,1003.3932486880561,1003.2045670650415,GOOD
SYN00234,L016,234,2026-01-15 00:58:30,30.05189468766397,31.029722021579904,2.8571428571428577,5.760310330700781,105.8666392003538,Raw Gravity,987.2221967444224,979.8248894592583,0.3316321366514965,1.4093949132671775,0.010378937532794197,32.670444857229185,11.852098445061129,0.1986629725600643,0.02,0.36671744373014853,1018.1412356142001,1006.289137169139,1006.5078001416991,1006.141082697969,GOOD
SYN00235,L016,235,2026-01-15 00:58:45,30.051921692131604,31.044583032369854,4.2857142857142865,5.7633078266078135,108.12627337001017,Raw Gravity,988.423837095631,979.9675068024428,0.3240876609564023,1.431544875393817,0.010384338426320739,33.36776796198514,12.105071495220086,0.19852217434140182,0.02,0.524062317742815,1020.0255881828397,1007.9205166876196,1008.139038861961,1007.6149765442182,GOOD
SYN00236,L016,236,2026-01-15 00:59:00,30.05138362272992,31.059444043159807,5.714285714285715,5.703582123020979,109.99834747524791,Raw Gravity,986.8002089258746,980.1151420015868,0.31530557537834586,1.4419840808249846,0.01027672454598374,33.94549003086151,12.314655994731178,0.20133711141366933,0.02,0.6518385260953904,1018.9781325759867,1006.6634765812555,1006.8848136926691,1006.2329751665737,GOOD
SYN00237,L016,237,2026-01-15 00:59:15,30.052098802228727,31.074305053949757,7.142857142857142,5.78296704738873,111.09044278892844,Raw Gravity,984.4147335199266,980.2516483504945,0.3053194165100885,1.3299075062075385,0.010419760445745397,34.28251064466332,12.436919450593185,0.19760002274505037,0.02,0.7428366743014242,1017.0515974814266,1004.6146780308334,1004.8322780535784,1004.089441379277,GOOD
SYN00238,L016,238,2026-01-15 00:59:30,30.051774568538164,31.08916606473971,8.571428571428573,5.746977107736143,112.37825796688023,Raw Gravity,982.9542700159951,980.397384688524,0.2941673189997429,1.4661045531629182,0.010354913707632819,34.67993040857924,12.581094351991938,0.19928987905282258,0.02,0.7919224610976991,1015.8635736387041,1003.2824792867121,1003.5017691657649,1002.7098467046673,GOOD
SYN00239,L016,239,2026-01-15 00:59:45,30.05196663159564,31.10402707552966,10.0,5.768296107115883,113.61654913718085,Raw Gravity,982.4821790438831,980.5385363114307,0.28189186992406995,1.3896950156305585,0.010393326319127994,35.06206706373401,12.719724887209722,0.19828797908718926,0.02,0.796326366201412,1015.8622658957435,1003.1425410085337,1003.360828987621,1002.5645026214196,GOOD
SYN00240,L017,240,2026-01-15 01:00:00,30.06132460209037,30.89597292447034,-10.0,6.80703083203119,84.395614968681,Raw Gravity,980.009969536968,978.4554375334375,0.2685399461590643,1.372701096733735,0.0122649204180739,26.044486779334957,9.448350722150241,0.15357240782844828,0.02,-0.796326366201412,1004.4009503529921,994.9525996308419,995.1261720386702,995.9224984048716,GOOD
SYN00241,L017,241,2026-01-15 01:00:15,30.061606619468357,30.91083393526029,-8.571428571428571,6.838334760987792,83.42936915001748,Raw Gravity,980.195708493762,978.5957903619781,0.25416253536886324,1.4479155582084038,0.012321323893671377,25.746303319695393,9.340176507388822,0.15237875185461267,0.02,-0.7919224610976991,1004.2276123959865,994.8874358885977,995.0598146404523,995.8517371015499,GOOD
SYN00242,L017,242,2026-01-15 01:00:30,30.06100717231985,30.925694946050243,-7.142857142857142,6.771796127503628,82.3785904460315,Raw Gravity,980.4988791700118,978.743970595514,0.23881454129658672,1.4610552374566925,0.012201434463970174,25.42203301164532,9.22253857406361,0.15492850180340428,0.02,-0.7428366743014242,1004.20884096844,994.9863023943764,995.1612308961797,995.9040675704812,GOOD
SYN00243,L017,243,2026-01-15 01:00:45,30.061111923003082,30.940555956840193,-5.714285714285714,6.783423453342254,87.24009519636371,Raw Gravity,980.655200689798,978.8858975523041,0.22255457410064503,1.428200945951988,0.012222384600616466,26.92229337759784,9.766799101528026,0.1544795366866904,0.02,-0.6518385260953903,1005.9145161627426,996.1477170612146,996.3221965979013,996.9740351239967,GOOD
SYN00244,L017,244,2026-01-15 01:01:00,30.062407884212963,30.955416967630146,-4.285714285714286,6.927275147639025,89.30738021902759,Raw Gravity,980.7407107549734,979.0172465596174,0.20544472653717383,1.5104479139536329,0.012481576842592546,27.560257535591912,9.998238068398818,0.14904578034496052,0.02,-0.5240623177428149,1006.5725940732319,996.5743560048331,996.7434017851781,997.2674641029209,GOOD
SYN00245,L017,245,2026-01-15 01:01:15,30.061176651891053,30.970277978420096,-2.8571428571428568,6.7906083599069325,90.68971401001146,Raw Gravity,980.6404217483226,979.1710370454931,0.18755033684329714,1.407807629641321,0.012235330378210563,27.986845743489535,10.152994621534214,0.15420282323878998,0.02,-0.36671744373014836,1007.0196741949494,996.8666795734152,997.040882396654,997.4075998403841,GOOD
SYN00246,L017,246,2026-01-15 01:01:30,30.061245349910088,30.98513898921005,-1.4285714285714288,6.798233840019709,93.38097814577154,Raw Gravity,980.9503408109429,979.3132841499413,0.16893973922670852,1.4605892674108705,0.012249069982017602,28.817369855785095,10.454289984451375,0.1539097430014092,0.02,-0.18868162301464844,1008.1259325901083,997.6716426056569,997.8455523486583,998.034233971673,GOOD
SYN00247,L017,247,2026-01-15 01:01:45,30.062302538777395,31.0,0.0,6.915581804290746,99.71373948080145,Raw Gravity,981.5145438701292,979.4467534556568,0.14968400291438858,1.4577128149924803,0.012460507755479001,30.771660003775327,11.163262247468113,0.14947897584093178,0.02,0.0,1010.6663465482421,999.503084300774,999.6725632766149,999.6725632766149,GOOD
SYN00248,L017,248,2026-01-15 01:02:00,30.062687459008355,31.01486101078995,1.4285714285714288,6.9583079499275104,102.9378283818818,Raw Gravity,982.6100977641413,979.5861925068629,0.1298566607569664,1.4906472251117955,0.012537491801671054,31.766613838648723,11.524208994619652,0.1479035827830878,0.02,0.18868162301464844,1012.7436702251194,1001.2194612304997,1001.3873648132828,1001.1986831902682,GOOD
SYN00249,L017,249,2026-01-15 01:02:15,30.061218401783826,31.029722021579904,2.8571428571428577,6.79524259800488,103.37756466473205,Raw Gravity,984.5082146284897,979.7420948778739,0.10953342842511783,1.5129398697507566,0.012243680356765197,31.902316455536308,11.573438834667213,0.15402463549514503,0.02,0.36671744373014853,1014.7758141054933,1003.2023752708261,1003.3763999063212,1003.0096824625911,GOOD
SYN00250,L017,250,2026-01-15 01:02:30,30.061507885629606,31.044583032369854,4.2857142857142865,6.827375304886373,109.28455452310043,Raw Gravity,985.0358599022494,979.8823814041806,0.08879191527031662,1.4546220749268495,0.01230157712592117,33.72521352582879,12.234744660980114,0.15279544634154357,0.02,0.524062317742815,1017.205357860755,1004.9706131997749,1005.1434086461164,1004.6193463283736,GOOD
SYN00251,L017,251,2026-01-15 01:02:45,30.0617636710378,31.059444043159807,5.714285714285715,6.855767485195514,112.35650736811743,Raw Gravity,984.173265189278,980.0229671726129,0.06771132795409379,1.5472509231704703,0.012352734207559736,34.67321817380104,12.578659305033588,0.1517186208601805,0.02,0.6518385260953904,1017.219168377747,1004.6405090727134,1004.8122276935735,1004.1603891674781,GOOD
SYN00252,L017,252,2026-01-15 01:03:00,30.06226354206247,31.074305053949757,7.142857142857142,6.911253168934118,111.55433956684601,Raw Gravity,982.6491445752249,980.1613854607709,0.04637216797756919,1.520206974604026,0.01245270841249422,34.42566919032868,12.488854132961068,0.1496397235636875,0.02,0.7428366743014242,1015.4957819145595,1003.0069277815985,1003.1765675051622,1002.4337308308608,GOOD
SYN00253,L017,253,2026-01-15 01:03:15,30.061284963783972,31.08916606473971,8.571428571428573,6.802630980020765,114.32440860456002,Raw Gravity,982.1550100844721,980.3129323787413,0.024855924266310406,1.4284796104113275,0.012256992756794462,35.28051249536722,12.798971948947168,0.1537410239520461,0.02,0.7919224610976991,1015.9699300524051,1003.1709581034579,1003.34469912741,1002.5527766663123,GOOD
SYN00254,L017,254,2026-01-15 01:03:30,30.061552199543424,31.10402707552966,10.0,6.83229414932021,110.63546532152857,Raw Gravity,981.9530815612901,980.4534164680543,0.0032447619844668454,1.4311674179467035,0.012310439908684856,34.14210459822372,12.385983312687621,0.15260826392109395,0.02,0.796326366201412,1014.648463539674,1002.2624802269864,1002.4350884909076,1001.6387621247062,GOOD
SYN00255,L018,255,2026-01-15 01:03:45,30.071403876983315,30.89597292447034,-10.0,7.925830345147734,86.17563700908661,Raw Gravity,980.1328705167039,978.3659335723881,-0.018378791233483276,1.5345010922097215,0.014280775396662905,26.59380158100413,9.647629707641975,0.11833739681904076,0.02,-0.796326366201412,1005.1962690213352,995.5486393136932,995.6869767105122,996.4833030767136,GOOD
SYN00256,L018,256,2026-01-15 01:04:00,30.07128042779355,30.91083393526029,-8.571428571428571,7.9121274850839285,85.6082264582128,Raw Gravity,979.8256775468342,978.5098869440504,-0.03993216043516899,1.5300887578565017,0.014256085558709941,26.41869868500447,9.584106337498943,0.11866703323460279,0.02,-0.7919224610976991,1004.7399635488586,995.1558572113596,995.2945242445942,996.0864467056919,GOOD
SYN00257,L018,257,2026-01-15 01:04:15,30.0709882035969,30.925694946050243,-7.142857142857142,7.87969059925606,83.1830474379345,Raw Gravity,980.0892471782869,978.6553390377738,-0.06133303868346094,1.5419861849567198,0.01419764071938019,25.67028843934659,9.312600028123825,0.11945824314012948,0.02,-0.7428366743014242,1004.2646848306407,994.9520848025169,995.091543045657,995.8343797199584,GOOD
SYN00258,L018,258,2026-01-15 01:04:30,30.071075530842563,30.940555956840193,-5.714285714285714,7.889383923524622,85.94544264996544,Raw Gravity,980.4709170265437,978.7974207146895,-0.08249970136611627,1.5517781346985726,0.014215106168512648,26.522763601779335,9.621858735535847,0.11922019770354345,0.02,-0.6518385260953903,1005.5101870888221,995.8883283532863,996.0275485509898,996.6793870770852,GOOD
SYN00259,L018,259,2026-01-15 01:04:45,30.07062829738532,30.955416967630146,-4.285714285714286,7.8397410097704645,82.82621777039965,Raw Gravity,980.4665289477883,978.9442492906469,-0.10335131828167689,1.5704753163902248,0.014125659477063835,25.560170803945333,9.27265184067133,0.12045366724725609,0.02,-0.5240623177428149,1004.545450094148,995.2727982534767,995.413251920724,995.9373142384668,GOOD
SYN00260,L018,260,2026-01-15 01:05:00,30.071037926958073,30.970277978420096,-2.8571428571428568,7.8852098923462774,88.47739499783697,Raw Gravity,980.6513935324949,979.083468922898,-0.12380826230982894,1.6125998717967627,0.014207585391614687,27.304124096332487,9.905318649932342,0.11932253493797468,0.02,-0.36671744373014836,1006.4525184339489,996.5471997840165,996.6865223189544,997.0532397626846,GOOD
SYN00261,L018,261,2026-01-15 01:05:15,30.071027759842387,30.98513898921005,-1.4285714285714288,7.884081342504905,93.88208309429967,Raw Gravity,980.6839514384382,979.2264163497425,-0.14379241348750818,1.515682213148102,0.014205551968477437,28.97201084290088,10.51039023686444,0.11935024772654812,0.02,-0.18868162301464844,1008.2698669297099,997.7594766928455,997.898826940572,998.0875085635867,GOOD
SYN00262,L018,262,2026-01-15 01:05:30,30.07120742015937,31.0,0.0,7.904023637690314,96.27492922960822,Raw Gravity,981.0466271893199,979.3676781089848,-0.1632274573295303,1.5186589454385724,0.014241484031874307,29.710443160257096,10.778276779535252,0.11886326945814157,0.02,0.0,1009.3873973774361,998.6091205979008,998.7479838673589,998.7479838673589,GOOD
SYN00263,L018,263,2026-01-15 01:05:45,30.07092363741759,31.01486101078995,1.4285714285714288,7.872523753352503,103.80783101148592,Raw Gravity,981.7235089787906,979.513055242589,-0.18203917625456648,1.528611399078875,0.01418472748351789,32.03509665014455,11.621608486011985,0.1196351206276833,0.02,0.18868162301464844,1012.3978486786273,1000.7762401926153,1000.915875313243,1000.7271936902283,GOOD
SYN00264,L018,264,2026-01-15 01:06:00,30.07129367912619,31.029722021579904,2.8571428571428577,7.913598383007069,110.04474108805769,Raw Gravity,982.2441237505941,979.6526264150738,-0.20015573300356024,1.6037434922213116,0.014258735825237779,33.9598070997746,12.319849903505432,0.11863151787350767,0.02,0.36671744373014853,1014.7860843553258,1002.4662344518204,1002.6048659696938,1002.2381485259637,GOOD
SYN00265,L018,265,2026-01-15 01:06:15,30.071488697971333,31.044583032369854,4.2857142857142865,7.935245474818057,106.84571156222428,Raw Gravity,982.7683345282851,979.793751790586,-0.21750794496828874,1.6575650946848306,0.014297739594266546,32.97258658810241,11.961708631096851,0.11811249784433175,0.02,0.524062317742815,1014.2865662270767,1002.3248575959799,1002.4629700938242,1001.9389077760814,GOOD
SYN00266,L018,266,2026-01-15 01:06:30,30.071179765902812,31.059444043159807,5.714285714285715,7.900954015212003,109.948471629795,Raw Gravity,982.2187348947449,979.9393522502116,-0.2340295483824752,1.5797708207301648,0.014235953180562434,33.930098344954736,12.309072239217603,0.118937850910635,0.02,0.6518385260953904,1014.7888560141715,1002.479783774954,1002.6187216258645,1001.9668830997691,GOOD
SYN00267,L018,267,2026-01-15 01:06:45,30.071250514400372,31.074305053949757,7.142857142857142,7.9088070984412315,113.62511509053996,Raw Gravity,981.885801312061,980.0815811464104,-0.24965745136657164,1.48227286732379,0.014250102880074424,35.06471051694063,12.720683872242729,0.11874732123085763,0.02,0.7428366743014242,1015.7036463101643,1002.9829624379216,1003.1217097591525,1002.3788730848511,GOOD
SYN00268,L018,268,2026-01-15 01:07:00,30.07114291041449,31.08916606473971,8.571428571428573,7.896863056008378,116.94810770068685,Raw Gravity,981.6829951114125,980.2253938126622,-0.2643319748599022,1.5281782832908857,0.014228582082898102,36.09018603643196,13.092703196225765,0.11903746067426518,0.02,0.7919224610976991,1016.4951062573307,1003.4024030611049,1003.5414405217791,1002.7495180606815,GOOD
SYN00269,L018,269,2026-01-15 01:07:15,30.071123785746206,31.10402707552966,10.0,7.89474021782892,110.88787245326257,Raw Gravity,981.6307076574155,980.3684207825737,-0.2779970805200942,1.5777461571712361,0.014224757149241186,34.21999743907683,12.41424107354735,0.11908924512573585,0.02,0.796326366201412,1014.536731262692,1002.1224901891446,1002.2615794342704,1001.465253068069,GOOD
SYN00270,L019,270,2026-01-15 01:07:30,30.080346901799196,30.89597292447034,-10.0,8.918506099710916,83.8028019027635,Raw Gravity,979.5907359444863,978.2865195120231,-0.2906005847195241,1.597531615825908,0.01606938035983916,25.861544667192817,9.381983461700273,0.1021308623619992,0.02,-0.796326366201412,1004.1292802002129,994.7472967385125,994.8694276008745,995.6657539670758,GOOD
SYN00271,L019,271,2026-01-15 01:07:45,30.080720974698373,30.91083393526029,-8.571428571428571,8.960028191519562,86.54534404843302,Raw Gravity,979.6604839159321,978.4260548875355,-0.3020943578215647,1.6110186957275645,0.016144194939674606,26.70789317334643,9.689019556788628,0.10179633936700302,0.02,-0.7919224610976991,1005.0433085564329,995.3542889996443,995.4760853390112,996.2680078001089,GOOD
SYN00272,L019,272,2026-01-15 01:08:00,30.08057186447852,30.925694946050243,-7.142857142857142,8.94347695711609,80.1718065386099,Raw Gravity,979.7689467111807,978.5702361291451,-0.31243450797565425,1.639387250128979,0.01611437289570432,24.741019497815014,8.975482274597647,0.10192628509670021,0.02,-0.7428366743014242,1003.1668990939468,994.1914168193491,994.3133431044458,995.0561797787473,GOOD
SYN00273,L019,273,2026-01-15 01:08:15,30.081361217598285,30.940555956840193,-5.714285714285714,9.031095153409854,82.42805331461858,Raw Gravity,979.9701056948899,978.7060838162987,-0.32158154872931793,1.6278909443284426,0.016272243519657083,25.43729725289129,9.228076095536826,0.10128969888735825,0.02,-0.6518385260953903,1004.0848213086624,994.8567452131256,994.978034912013,995.6298734381083,GOOD
SYN00274,L019,274,2026-01-15 01:08:30,30.081173897451816,30.955416967630146,-4.285714285714286,9.01030261715164,86.5647361676015,Raw Gravity,980.0913591917712,978.8506043620564,-0.32950054981707394,1.7019653082863675,0.01623477949036314,26.71387758132182,9.691190564645106,0.10142930606189493,0.02,-0.5240623177428149,1005.4165372351334,995.7253466704883,995.8467759765501,996.370838294293,GOOD
SYN00275,L019,275,2026-01-15 01:08:45,30.080745966514908,30.970277978420096,-2.8571428571428568,8.96280228315489,89.53339501449508,Raw Gravity,980.3253618113625,978.9972615316333,-0.3361612705503982,1.621717529364761,0.016149193302981504,27.63000570147318,10.02354112539727,0.10177500093557901,0.02,-0.36671744373014836,1006.6536620607184,996.6301209353211,996.7518959362567,997.1186133799869,CHECK_OUTLIER
SYN00276,L019,276,2026-01-15 01:09:00,30.080331947141126,30.98513898921005,-1.4285714285714288,8.916846132664839,95.88829055207923,Raw Gravity,980.3083376295266,979.1437951665297,-0.34153827529936676,1.6184225635646843,0.016066389428225136,29.591126464371648,10.734991381005981,0.10214482518660795,0.02,-0.18868162301464844,1008.6065134162047,997.8715220351987,997.9936668603854,998.1823484834,GOOD
SYN00277,L019,277,2026-01-15 01:09:15,30.080206053713272,31.0,0.0,8.902871962173293,98.70274504720702,Raw Gravity,980.8221095152769,979.2877702430261,-0.34561103062497567,1.6915023053541167,0.0160412107426545,30.459667121568085,11.050078286544473,0.10226416318320561,0.02,0.0,1009.9198441513731,998.8697658648287,998.9920300280119,998.9920300280119,GOOD
SYN00278,L019,278,2026-01-15 01:09:30,30.081036163416,31.01486101078995,1.4285714285714288,8.995014139176185,98.6046158497756,Raw Gravity,980.7757922661557,979.423256011723,-0.3483639836912207,1.59679649182142,0.016207232683200345,30.429384451240747,11.039092418691512,0.10153651081328582,0.02,0.18868162301464844,1009.940536976583,998.9014445578914,999.0229810687047,998.83429944569,GOOD
SYN00279,L019,279,2026-01-15 01:09:45,30.080701607117643,31.029722021579904,2.8571428571428577,8.957878390058516,106.87211283095304,Raw Gravity,981.2935417957525,979.5690840145096,-0.34978662165749547,1.699083247473358,0.016140321423528548,32.98073401963211,11.96466433497497,0.10181296288788147,0.02,0.36671744373014853,1012.9088388681452,1000.9441745331702,1001.065987496058,1000.6992700523278,GOOD
SYN00280,L019,280,2026-01-15 01:10:00,30.080779947362057,31.044583032369854,4.2857142857142865,8.966574157188294,107.83759748989753,Raw Gravity,981.4751201380168,979.7112454959964,-0.34987351182450577,1.6907463882833034,0.016155989472411394,33.27868258538238,12.072753335546247,0.10174619084266565,0.02,0.524062317742815,1013.396773857468,1001.3240205219217,1001.4457667127643,1000.9217043950215,GOOD
SYN00281,L019,281,2026-01-15 01:10:15,30.07997824307724,31.059444043159807,5.714285714285715,8.877584981573662,113.97696667857552,Raw Gravity,981.764805273863,979.8612217729027,-0.34862432238039215,1.6842666714907135,0.015995648615447777,35.173291917008406,12.760074748263234,0.10248825801173483,0.02,0.6518385260953904,1015.5864591931456,1002.8263844448824,1002.948872702894,1002.2970341767987,GOOD
SYN00282,L019,282,2026-01-15 01:10:30,30.08094113477761,31.074305053949757,7.142857142857142,8.984465960314957,111.68391150867151,Raw Gravity,981.6433856572811,979.9955284374605,-0.3460438236678365,1.7770726682337172,0.016188226955522113,34.465655091576025,12.503360113521452,0.10161272396858467,0.02,0.7428366743014242,1014.6618236773357,1002.1584635638143,1002.2800762877829,1001.5372396134815,GOOD
SYN00283,L019,283,2026-01-15 01:10:45,30.08077067778902,31.08916606473971,8.571428571428573,8.965545234581205,112.23890840176857,Raw Gravity,981.5030098769868,980.1398992383764,-0.34214186996731394,1.6725685575011504,0.016154135557803786,34.63692713278578,12.565493736194037,0.1017540266517932,0.02,0.7919224610976991,1014.793356186681,1002.2278624504869,1002.3496164771386,1001.557694016041,GOOD
SYN00284,L019,284,2026-01-15 01:11:00,30.080206767510596,31.10402707552966,10.0,8.902951193676051,114.21324210478203,Raw Gravity,981.8363012494812,980.2877639045059,-0.33693336186605566,1.8127139051817223,0.016041353502119195,35.24620651353573,12.786526514680872,0.10226347751593001,0.02,0.796326366201412,1015.5906858661991,1002.8041593515183,1002.9264228290342,1002.1300964628329,GOOD
SYN00285,L020,285,2026-01-15 01:11:15,30.089920171240557,30.89597292447034,-10.0,9.981139007702001,84.61805604122529,Raw Gravity,979.3233640936837,978.2015088793838,-0.33043818935642555,1.7044474910837455,0.017984034248111413,26.113132094322122,9.4732536897889,0.10257209557195543,0.02,-0.796326366201412,1004.0445028520304,994.5712491622415,994.6938212578135,995.4901476240149,GOOD
SYN00286,L020,286,2026-01-15 01:11:30,30.090185123316886,30.91083393526029,-8.571428571428571,10.01054868817426,83.58884097534826,Raw Gravity,979.6720588935757,978.3420132478032,-0.3226811558810036,1.6578883081862712,0.018037024663377112,25.795516324992473,9.358029872597262,0.10285032148276893,0.02,-0.7919224610976991,1004.1143310415996,994.7563011690023,994.879151490485,995.6710739515827,GOOD
SYN00287,L020,287,2026-01-15 01:11:45,30.090108997044453,30.925694946050243,-7.142857142857142,10.00209867193425,79.89240585723518,Raw Gravity,980.1421396703789,978.4855463919596,-0.31369188361443084,1.731255176374156,0.018021799408890617,24.654796447542775,8.944202502175635,0.10276893230437198,0.02,-0.7428366743014242,1003.3613510257532,994.4171485235776,994.5399174558819,995.2827541301833,GOOD
SYN00288,L020,288,2026-01-15 01:12:00,30.089984803176286,30.940555956840193,-5.714285714285714,9.988313152567859,85.87481700833516,Raw Gravity,980.0218140282573,978.6295063763661,-0.3035047003437158,1.6799670041981085,0.017996960635257155,26.50096852877223,9.613951976015846,0.10263865996648835,0.02,-0.6518385260953903,1005.1283232925398,995.5143713165239,995.6370099764904,996.2888485025858,GOOD
SYN00289,L020,289,2026-01-15 01:12:15,30.090052797020515,30.955416967630146,-4.285714285714286,9.995860469277362,85.14622170674923,Raw Gravity,980.1900564798058,978.7717597338864,-0.29215850837898755,1.7022115387130037,0.018010559404103076,26.276124018702813,9.532383473357868,0.10270959638969179,0.02,-0.5240623177428149,1005.0381169087706,995.5057334354127,995.6284430318024,996.1525053495452,GOOD
SYN00290,L020,290,2026-01-15 01:12:30,30.089999287431276,30.970277978420096,-2.8571428571428568,9.989920904871724,90.83970033903907,Raw Gravity,980.4677593397965,978.915092041896,-0.27969663599528166,1.7656710629940855,0.017999857486255166,28.033131524627457,10.169786056026474,0.1026536928957045,0.02,-0.36671744373014836,1006.9969165799389,996.8271305239124,996.9497842168081,997.3165016605383,GOOD
SYN00291,L020,291,2026-01-15 01:12:45,30.090145067571928,30.98513898921005,-1.4285714285714288,10.006102500484099,91.19776783220996,Raw Gravity,980.6838867869975,979.0566546571042,-0.2661666719726732,1.7796185693154494,0.018029013514385638,28.143631153019992,10.209872821896186,0.10280735095777357,0.02,-0.18868162301464844,1007.2960370291604,997.0861642072642,997.208971558222,997.3976531812366,GOOD
SYN00292,L020,292,2026-01-15 01:13:00,30.090620357467746,31.0,0.0,10.058859678919726,98.88087235930219,Raw Gravity,980.4561446487893,979.1952912256864,-0.2516202838666039,1.7267511467598622,0.01812407149354911,30.514637210080654,11.070020191328194,0.10333804229281204,0.02,0.0,1009.4775269244832,998.407506733155,998.5308447754477,998.5308447754477,GOOD
SYN00293,L020,293,2026-01-15 01:13:15,30.089165168129394,31.01486101078995,1.4285714285714288,9.897333662362747,100.3608782558078,Raw Gravity,980.8079134530411,979.3510704498681,-0.23611302070238505,1.8132498559145274,0.01783303362587887,30.971367029742286,11.235711439460276,0.10185706285524485,0.02,0.18868162301464844,1010.1843106139455,998.9485991744853,999.0704562373405,998.8817746143259,GOOD
SYN00294,L020,294,2026-01-15 01:13:30,30.09000473864342,31.029722021579904,2.8571428571428577,9.990525989419613,103.06949320475816,Raw Gravity,981.2435194736692,979.4864722065607,-0.21970410084733447,1.827775053452896,0.01800094772868377,31.807245602988367,11.53894927970161,0.10265936156454991,0.02,0.36671744373014853,1011.4246931763233,999.8857438966218,1000.0084032581863,999.6416858144561,GOOD
SYN00295,L020,295,2026-01-15 01:13:45,30.090153698169864,31.044583032369854,4.2857142857142865,10.007060496854898,110.21221826964032,Raw Gravity,981.3251631568687,979.628006588823,-0.20245618587061356,1.847734820269636,0.018030739633972816,34.011490558011,12.338599493162869,0.10281658226495122,0.02,0.524062317742815,1013.6733443408467,1001.3347448476839,1001.4575614299488,1000.9334991122059,GOOD
SYN00296,L020,296,2026-01-15 01:14:00,30.090196754590878,31.059444043159807,5.714285714285715,10.011839759587485,111.68451033244379,Raw Gravity,981.6531020090782,979.7704813906615,-0.18443514125433497,1.8084104696873897,0.0180393509181755,34.46583988859215,12.503427153699112,0.10286285970035938,0.02,0.6518385260953904,1014.4769272183191,1001.97350006462,1002.0963629243204,1001.444524398225,GOOD
SYN00297,L020,297,2026-01-15 01:14:15,30.089956066817543,31.074305053949757,7.142857142857142,9.985123416747149,111.51100148747314,Raw Gravity,981.6196282842257,979.9154758409459,-0.16570978486972712,1.8561313018250205,0.017991213363508507,34.41229505903421,12.484002300627228,0.10260896033693157,0.02,0.7428366743014242,1014.323510612941,1001.8395083123138,1001.9621172726507,1001.2192805983493,GOOD
SYN00298,L020,298,2026-01-15 01:14:30,30.089457037195505,31.08916606473971,8.571428571428573,9.929731128700857,116.22165948719125,Raw Gravity,981.4026024198895,980.0627643668469,-0.14635162417886233,1.699940011711665,0.01789140743910096,35.86600411774722,13.01137506673547,0.10211980243300603,0.02,0.7919224610976991,1015.6971267426648,1002.6857516759293,1002.8078714783622,1002.0159490172646,GOOD
SYN00299,L020,299,2026-01-15 01:14:45,30.090208286660797,31.10402707552966,10.0,10.013119819348564,112.02764031489899,Raw Gravity,981.7082200171667,980.1989504144522,-0.1264345831655034,1.784104672568577,0.01804165733215939,34.571729801177824,12.541841618937918,0.10287531788170892,0.02,0.796326366201412,1014.6042380716094,1002.0623964526715,1002.1852717705532,1001.3889454043518,GOOD
